study,outcome,id,sex,age,age_error,age_sd,age_lower,age_upper,resource,units,raw_return,raw_sd,raw_se,adult_return,adult_sd,adult_se,resource_cat
BliegeBird_2002a,BliegeBird_2002a_fig2,NA,0.5,NA,NA,NA,5,9,fish,net kcal/hr,87.051,96.469,24.11725,783.2341111111111,835.0701573096777,196.82792366673004,marine
BliegeBird_2002a,BliegeBird_2002a_fig2,NA,0.5,NA,NA,NA,10,13,fish,net kcal/hr,375.156,248.506,62.1265,783.2341111111111,835.0701573096777,196.82792366673004,marine
BliegeBird_2002a,BliegeBird_2002a_fig6,NA,0.5,NA,NA,NA,5,9,shellfish,net kcal/hr,433.644,343.006,78.6909732120059,1244.12625,746.548794130824,186.637198532706,marine
BliegeBird_2002a,BliegeBird_2002a_fig6,NA,0.5,NA,NA,NA,10,13,shellfish,net kcal/hr,588.908,371.231,85.1662323005025,1244.12625,746.548794130824,186.637198532706,marine
Froehle_2018,Froehle_2018_fig6b,NA,1,NA,NA,NA,10,14,mixed,kcal/h,1083.269961977186,1053.9923954372625,526.9961977186313,NA,NA,NA,game_mixed
Froehle_2018,Froehle_2018_fig6b,NA,0,NA,NA,NA,5,10,mixed,kcal/h,368.060836501901,234.22053231939162,104.74660639846923,NA,NA,NA,game_mixed
Hawkes_1995,Hawkes_1995_Table_5_Ondishibe,NA,0,8.38888888888889,NA,3.805077017763387,3.5,13.6,fruit,g/h,1547,416,208,2771,730.4861394988957,231,fruit
Hawkes_1995,Hawkes_1995_Table_5_Ondishibe,NA,1,11.472727272727273,NA,4.1337854102725045,5,17,fruit,g/h,1505,746.7047609329942,528,NA,NA,NA,fruit
Hawkes_1995,Hawkes_1995_Table_5_Ondishibe,NA,0.5,10.084999999999999,NA,4.191378996790537,3.5,17,fruit,g/h,1533,46.54030511288038,19,2771,730.4861394988957,231,fruit
Hawkes_1995,Hawkes_1995_Table_5_Tafabe,NA,0,8.38888888888889,NA,3.805077017763387,3.5,13.6,fruit,g/h,762,160.99689437998487,72,1281,347.97413696997654,93,fruit
Hawkes_1995,Hawkes_1995_Table_5_Tafabe,NA,1,11.472727272727273,NA,4.1337854102725045,5,17,fruit,g/h,1024,129.6919426949878,58,1156,227.80254607883555,93,fruit
Hawkes_1995,Hawkes_1995_Table_5_Tafabe,NA,0.5,10.084999999999999,NA,4.191378996790537,3.5,17,fruit,g/h,893,196.06121493043952,62,1244,308.577380894971,69,fruit
Hawkes_1995,Hawkes_1995_Table_6_tin_measured_rates_Cal.h,NA,0,8.38888888888889,distribution,3.805077017763387,3.5,13.6,fruit,kcal/h,823,174.4133022449836,78,1383,374.16573867739413,100,fruit
Hawkes_1995,Hawkes_1995_Table_6_stashing_rate_Cal.h,NA,0,8.38888888888889,distribution,3.805077017763387,3.5,13.6,fruit,kcal/h,281,90.63112048297758,37,866,264,66,fruit
Hawkes_1995,Hawkes_1995_Table_6_Consumption_rate_Cal.h,NA,0,8.38888888888889,distribution,3.805077017763387,3.5,13.6,fruit,kcal/h,354,26.944387170614956,11,379,53.600373133029585,13,fruit
Hawkes_1995,Hawkes_1995_Table_6_tin_measured_rates_Cal.h,NA,1,11.472727272727273,distribution,4.1337854102725045,5,17,fruit,kcal/h,1106,140.87228258248675,63,1248,244.9489742783178,100,fruit
Hawkes_1995,Hawkes_1995_Table_6_stashing_rate_Cal.h,NA,1,11.472727272727273,distribution,4.1337854102725045,5,17,fruit,kcal/h,59,79.67433714816835,23,147,230.25203582161873,94,fruit
Hawkes_1995,Hawkes_1995_Table_6_Consumption_rate_Cal.h,NA,1,11.472727272727273,distribution,4.1337854102725045,5,17,fruit,kcal/h,384,50.59644256269407,16,508,45.254833995939045,16,fruit
Hawkes_1995,Hawkes_1995_Table_6_tin_measured_rates_Cal.h,NA,0.5,10.084999999999999,distribution,4.191378996790537,3.5,17,fruit,kcal/h,964,211.87260323128143,67,1342.5,626.7954950321457,140.15573348825095,fruit
Hawkes_1995,Hawkes_1995_Table_6_stashing_rate_Cal.h,NA,0.5,10.084999999999999,distribution,4.191378996790537,3.5,17,fruit,kcal/h,123,123.03657992645925,29,669.9090909090909,490.52420939236015,104.58011283222064,fruit
Hawkes_1995,Hawkes_1995_Table_6_Consumption_rate_Cal.h,NA,0.5,10.084999999999999,distribution,4.191378996790537,3.5,17,fruit,kcal/h,373,8,2,420.28,92.835759601942,18.5671519203884,fruit
Tucker_2005,Tucker_2005_1997_returns,Tucker_2005_1997_returns_f1,0,NA,NA,NA,6,11,mixed,net kcal/h,298.5074626865644,NA,NA,1914.0268047517493,1061.0907916496797,151.5843988070971,game_mixed
Tucker_2005,Tucker_2005_1997_returns,Tucker_2005_1997_returns_f2,0,NA,NA,NA,6,11,mixed,net kcal/h,0,NA,NA,1914.0268047517493,1061.0907916496797,151.5843988070971,game_mixed
Tucker_2005,Tucker_2005_1997_returns,Tucker_2005_1997_returns_f3,0,NA,NA,NA,6,11,mixed,net kcal/h,335.8208955223854,NA,NA,1914.0268047517493,1061.0907916496797,151.5843988070971,game_mixed
Tucker_2005,Tucker_2005_1997_returns,Tucker_2005_1997_returns_f4,0,NA,NA,NA,6,11,mixed,net kcal/h,335.8208955223854,NA,NA,1914.0268047517493,1061.0907916496797,151.5843988070971,game_mixed
Tucker_2005,Tucker_2005_1997_returns,Tucker_2005_1997_returns_f5,0,NA,NA,NA,6,11,mixed,net kcal/h,447.7611940298484,NA,NA,1914.0268047517493,1061.0907916496797,151.5843988070971,game_mixed
Tucker_2005,Tucker_2005_1997_returns,Tucker_2005_1997_returns_f5,0,NA,NA,NA,6,11,mixed,net kcal/h,578.358208955221,NA,NA,1914.0268047517493,1061.0907916496797,151.5843988070971,game_mixed
Tucker_2005,Tucker_2005_1997_returns,Tucker_2005_1997_returns_f5,0,NA,NA,NA,6,11,mixed,net kcal/h,503.7313432835799,NA,NA,1914.0268047517493,1061.0907916496797,151.5843988070971,game_mixed
Tucker_2005,Tucker_2005_1997_returns,Tucker_2005_1997_returns_f6,0,NA,NA,NA,6,11,mixed,net kcal/h,522.3880597014895,NA,NA,1914.0268047517493,1061.0907916496797,151.5843988070971,game_mixed
Tucker_2005,Tucker_2005_1997_returns,Tucker_2005_1997_returns_f6,0,NA,NA,NA,6,11,mixed,net kcal/h,578.358208955221,NA,NA,1914.0268047517493,1061.0907916496797,151.5843988070971,game_mixed
Tucker_2005,Tucker_2005_1997_returns,Tucker_2005_1997_returns_f6,0,NA,NA,NA,6,11,mixed,net kcal/h,802.238805970147,NA,NA,1914.0268047517493,1061.0907916496797,151.5843988070971,game_mixed
Tucker_2005,Tucker_2005_1997_returns,Tucker_2005_1997_returns_f6,0,NA,NA,NA,6,11,mixed,net kcal/h,1194.0298507462658,NA,NA,1914.0268047517493,1061.0907916496797,151.5843988070971,game_mixed
Tucker_2005,Tucker_2005_1997_returns,Tucker_2005_1997_returns_f6,0,NA,NA,NA,6,11,mixed,net kcal/h,279.8507462686539,NA,NA,1914.0268047517493,1061.0907916496797,151.5843988070971,game_mixed
Tucker_2005,Tucker_2005_1997_returns,Tucker_2005_1997_returns_f7,0,NA,NA,NA,12,19,mixed,net kcal/h,223.8805970149233,NA,NA,1914.0268047517493,1061.0907916496797,151.5843988070971,game_mixed
Tucker_2005,Tucker_2005_1997_returns,Tucker_2005_1997_returns_f7,0,NA,NA,NA,12,19,mixed,net kcal/h,335.8208955223854,NA,NA,1914.0268047517493,1061.0907916496797,151.5843988070971,game_mixed
Tucker_2005,Tucker_2005_1997_returns,Tucker_2005_1997_returns_f8,0,NA,NA,NA,12,19,mixed,net kcal/h,652.9850746268621,NA,NA,1914.0268047517493,1061.0907916496797,151.5843988070971,game_mixed
Tucker_2005,Tucker_2005_1997_returns,Tucker_2005_1997_returns_f8,0,NA,NA,NA,12,19,mixed,net kcal/h,1194.0298507462658,NA,NA,1914.0268047517493,1061.0907916496797,151.5843988070971,game_mixed
Tucker_2005,Tucker_2005_1997_returns,Tucker_2005_1997_returns_f9,0,NA,NA,NA,12,19,mixed,net kcal/h,783.5820895522356,NA,NA,1914.0268047517493,1061.0907916496797,151.5843988070971,game_mixed
Tucker_2005,Tucker_2005_1997_returns,Tucker_2005_1997_returns_f9,0,NA,NA,NA,12,19,mixed,net kcal/h,783.5820895522356,NA,NA,1914.0268047517493,1061.0907916496797,151.5843988070971,game_mixed
Tucker_2005,Tucker_2005_1997_returns,Tucker_2005_1997_returns_f9,0,NA,NA,NA,12,19,mixed,net kcal/h,970.1492537313407,NA,NA,1914.0268047517493,1061.0907916496797,151.5843988070971,game_mixed
Tucker_2005,Tucker_2005_1997_returns,Tucker_2005_1997_returns_f10,0,NA,NA,NA,12,19,mixed,net kcal/h,522.3880597014895,NA,NA,1914.0268047517493,1061.0907916496797,151.5843988070971,game_mixed
Tucker_2005,Tucker_2005_1997_returns,Tucker_2005_1997_returns_f10,0,NA,NA,NA,12,19,mixed,net kcal/h,783.5820895522356,NA,NA,1914.0268047517493,1061.0907916496797,151.5843988070971,game_mixed
Tucker_2005,Tucker_2005_1997_returns,Tucker_2005_1997_returns_f10,0,NA,NA,NA,12,19,mixed,net kcal/h,1865.6716417910425,NA,NA,1914.0268047517493,1061.0907916496797,151.5843988070971,game_mixed
Tucker_2005,Tucker_2005_1997_returns,Tucker_2005_1997_returns_f10,0,NA,NA,NA,12,19,mixed,net kcal/h,2089.5522388059685,NA,NA,1914.0268047517493,1061.0907916496797,151.5843988070971,game_mixed
Tucker_2005,Tucker_2005_1997_returns,Tucker_2005_1997_returns_f10,0,NA,NA,NA,12,19,mixed,net kcal/h,2220.1492537313416,NA,NA,1914.0268047517493,1061.0907916496797,151.5843988070971,game_mixed
Tucker_2005,Tucker_2005_1997_returns,Tucker_2005_1997_returns_m1,1,NA,NA,NA,6,11,mixed,net kcal/h,259.2592592592591,NA,NA,2797.6680384087786,927.8033093530196,178.55583013666381,game_mixed
Tucker_2005,Tucker_2005_1997_returns,Tucker_2005_1997_returns_m2,1,NA,NA,NA,6,11,mixed,net kcal/h,518.5185185185192,NA,NA,2797.6680384087786,927.8033093530196,178.55583013666381,game_mixed
Tucker_2005,Tucker_2005_1997_returns,Tucker_2005_1997_returns_m3,1,NA,NA,NA,6,11,mixed,net kcal/h,0,NA,NA,2797.6680384087786,927.8033093530196,178.55583013666381,game_mixed
Tucker_2005,Tucker_2005_1997_returns,Tucker_2005_1997_returns_m4,1,NA,NA,NA,6,11,mixed,net kcal/h,148.1481481481478,NA,NA,2797.6680384087786,927.8033093530196,178.55583013666381,game_mixed
Tucker_2005,Tucker_2005_1997_returns,Tucker_2005_1997_returns_m4,1,NA,NA,NA,6,11,mixed,net kcal/h,407.40740740740694,NA,NA,2797.6680384087786,927.8033093530196,178.55583013666381,game_mixed
Tucker_2005,Tucker_2005_1997_returns,Tucker_2005_1997_returns_m4,1,NA,NA,NA,6,11,mixed,net kcal/h,1092.592592592594,NA,NA,2797.6680384087786,927.8033093530196,178.55583013666381,game_mixed
Tucker_2005,Tucker_2005_1997_returns,Tucker_2005_1997_returns_m4,1,NA,NA,NA,6,11,mixed,net kcal/h,2592.592592592593,NA,NA,2797.6680384087786,927.8033093530196,178.55583013666381,game_mixed
Tucker_2005,Tucker_2005_1997_returns,Tucker_2005_1997_returns_m5,1,NA,NA,NA,6,11,mixed,net kcal/h,1111.1111111111113,NA,NA,2797.6680384087786,927.8033093530196,178.55583013666381,game_mixed
Tucker_2005,Tucker_2005_1997_returns,Tucker_2005_1997_returns_m6,1,NA,NA,NA,6,11,mixed,net kcal/h,1000,NA,NA,2797.6680384087786,927.8033093530196,178.55583013666381,game_mixed
Tucker_2005,Tucker_2005_1997_returns,Tucker_2005_1997_returns_m6,1,NA,NA,NA,6,11,mixed,net kcal/h,1240.7407407407418,NA,NA,2797.6680384087786,927.8033093530196,178.55583013666381,game_mixed
Tucker_2005,Tucker_2005_1997_returns,Tucker_2005_1997_returns_m7,1,NA,NA,NA,6,11,mixed,net kcal/h,1166.6666666666679,NA,NA,2797.6680384087786,927.8033093530196,178.55583013666381,game_mixed
Tucker_2005,Tucker_2005_1997_returns,Tucker_2005_1997_returns_m8,1,NA,NA,NA,12,19,mixed,net kcal/h,370.37037037037135,NA,NA,2797.6680384087786,927.8033093530196,178.55583013666381,game_mixed
Tucker_2005,Tucker_2005_1997_returns,Tucker_2005_1997_returns_m8,1,NA,NA,NA,12,19,mixed,net kcal/h,629.6296296296305,NA,NA,2797.6680384087786,927.8033093530196,178.55583013666381,game_mixed
Tucker_2005,Tucker_2005_1997_returns,Tucker_2005_1997_returns_m8,1,NA,NA,NA,12,19,mixed,net kcal/h,703.7037037037044,NA,NA,2797.6680384087786,927.8033093530196,178.55583013666381,game_mixed
Tucker_2005,Tucker_2005_1997_returns,Tucker_2005_1997_returns_m8,1,NA,NA,NA,12,19,mixed,net kcal/h,796.2962962962965,NA,NA,2797.6680384087786,927.8033093530196,178.55583013666381,game_mixed
Tucker_2005,Tucker_2005_1997_returns,Tucker_2005_1997_returns_m8,1,NA,NA,NA,12,19,mixed,net kcal/h,1592.592592592593,NA,NA,2797.6680384087786,927.8033093530196,178.55583013666381,game_mixed
Tucker_2005,Tucker_2005_1997_returns,Tucker_2005_1997_returns_m8,1,NA,NA,NA,12,19,mixed,net kcal/h,2148.148148148148,NA,NA,2797.6680384087786,927.8033093530196,178.55583013666381,game_mixed
Tucker_2005,Tucker_2005_1997_returns,Tucker_2005_1997_returns_m8,1,NA,NA,NA,12,19,mixed,net kcal/h,2574.074074074075,NA,NA,2797.6680384087786,927.8033093530196,178.55583013666381,game_mixed
Tucker_2005,Tucker_2005_1997_returns,Tucker_2005_1997_returns_m8,1,NA,NA,NA,12,19,mixed,net kcal/h,796.2962962962965,NA,NA,2797.6680384087786,927.8033093530196,178.55583013666381,game_mixed
Tucker_2005,Tucker_2005_1997_returns,Tucker_2005_1997_returns_m9,1,NA,NA,NA,12,19,mixed,net kcal/h,370.37037037037135,NA,NA,2797.6680384087786,927.8033093530196,178.55583013666381,game_mixed
Tucker_2005,Tucker_2005_1997_returns,Tucker_2005_1997_returns_m9,1,NA,NA,NA,12,19,mixed,net kcal/h,1407.4074074074078,NA,NA,2797.6680384087786,927.8033093530196,178.55583013666381,game_mixed
Tucker_2005,Tucker_2005_1997_returns,Tucker_2005_1997_returns_m9,1,NA,NA,NA,12,19,mixed,net kcal/h,1629.6296296296305,NA,NA,2797.6680384087786,927.8033093530196,178.55583013666381,game_mixed
Tucker_2005,Tucker_2005_1997_returns,Tucker_2005_1997_returns_m9,1,NA,NA,NA,12,19,mixed,net kcal/h,2500.000000000002,NA,NA,2797.6680384087786,927.8033093530196,178.55583013666381,game_mixed
Tucker_2005,Tucker_2005_1997_returns,Tucker_2005_1997_returns_m10,1,NA,NA,NA,12,19,mixed,net kcal/h,1685.1851851851852,NA,NA,2797.6680384087786,927.8033093530196,178.55583013666381,game_mixed
Tucker_2005,Tucker_2005_1997_returns,Tucker_2005_1997_returns_m10,1,NA,NA,NA,12,19,mixed,net kcal/h,3018.5185185185164,NA,NA,2797.6680384087786,927.8033093530196,178.55583013666381,game_mixed
Tucker_2005,Tucker_2005_1997_returns,Tucker_2005_1997_returns_m11,1,NA,NA,NA,12,19,mixed,net kcal/h,3925.925925925925,NA,NA,2797.6680384087786,927.8033093530196,178.55583013666381,game_mixed
Tucker_2005,Tucker_2005_2003_returns,Tucker_2005_2003_returns_m1,1,NA,NA,NA,6,11,mixed,net kcal/h,261.19402985074703,NA,NA,1543.84328358209,1120.282473363733,323.39769378248553,game_mixed
Tucker_2005,Tucker_2005_2003_returns,Tucker_2005_2003_returns_m2,1,NA,NA,NA,6,11,mixed,net kcal/h,55.970149253732416,NA,NA,1543.84328358209,1120.282473363733,323.39769378248553,game_mixed
Tucker_2005,Tucker_2005_2003_returns,Tucker_2005_2003_returns_m2,1,NA,NA,NA,6,11,mixed,net kcal/h,111.94029850746392,NA,NA,1543.84328358209,1120.282473363733,323.39769378248553,game_mixed
Tucker_2005,Tucker_2005_2003_returns,Tucker_2005_2003_returns_m2,1,NA,NA,NA,6,11,mixed,net kcal/h,205.22388059701552,NA,NA,1543.84328358209,1120.282473363733,323.39769378248553,game_mixed
Tucker_2005,Tucker_2005_2003_returns,Tucker_2005_2003_returns_m2,1,NA,NA,NA,6,11,mixed,net kcal/h,279.85074626865753,NA,NA,1543.84328358209,1120.282473363733,323.39769378248553,game_mixed
Tucker_2005,Tucker_2005_2003_returns,Tucker_2005_2003_returns_m3,1,NA,NA,NA,6,11,mixed,net kcal/h,485.07462686567214,NA,NA,1543.84328358209,1120.282473363733,323.39769378248553,game_mixed
Tucker_2005,Tucker_2005_2003_returns,Tucker_2005_2003_returns_m3,1,NA,NA,NA,6,11,mixed,net kcal/h,559.7014925373132,NA,NA,1543.84328358209,1120.282473363733,323.39769378248553,game_mixed
Tucker_2005,Tucker_2005_2003_returns,Tucker_2005_2003_returns_m3,1,NA,NA,NA,6,11,mixed,net kcal/h,1026.1194029850749,NA,NA,1543.84328358209,1120.282473363733,323.39769378248553,game_mixed
Tucker_2005,Tucker_2005_2003_returns,Tucker_2005_2003_returns_m4,1,NA,NA,NA,6,11,mixed,net kcal/h,0,NA,NA,1543.84328358209,1120.282473363733,323.39769378248553,game_mixed
Tucker_2005,Tucker_2005_2003_returns,Tucker_2005_2003_returns_m4,1,NA,NA,NA,6,11,mixed,net kcal/h,223.88059701492602,NA,NA,1543.84328358209,1120.282473363733,323.39769378248553,game_mixed
Tucker_2005,Tucker_2005_2003_returns,Tucker_2005_2003_returns_m4,1,NA,NA,NA,6,11,mixed,net kcal/h,279.85074626865753,NA,NA,1543.84328358209,1120.282473363733,323.39769378248553,game_mixed
Tucker_2005,Tucker_2005_2003_returns,Tucker_2005_2003_returns_m4,1,NA,NA,NA,6,11,mixed,net kcal/h,354.47761194029863,NA,NA,1543.84328358209,1120.282473363733,323.39769378248553,game_mixed
Tucker_2005,Tucker_2005_2003_returns,Tucker_2005_2003_returns_m4,1,NA,NA,NA,6,11,mixed,net kcal/h,447.76119402985296,NA,NA,1543.84328358209,1120.282473363733,323.39769378248553,game_mixed
Tucker_2005,Tucker_2005_2003_returns,Tucker_2005_2003_returns_m4,1,NA,NA,NA,6,11,mixed,net kcal/h,503.73134328358447,NA,NA,1543.84328358209,1120.282473363733,323.39769378248553,game_mixed
Tucker_2005,Tucker_2005_2003_returns,Tucker_2005_2003_returns_m4,1,NA,NA,NA,6,11,mixed,net kcal/h,597.0149253731352,NA,NA,1543.84328358209,1120.282473363733,323.39769378248553,game_mixed
Tucker_2005,Tucker_2005_2003_returns,Tucker_2005_2003_returns_m4,1,NA,NA,NA,6,11,mixed,net kcal/h,708.9552238805982,NA,NA,1543.84328358209,1120.282473363733,323.39769378248553,game_mixed
Tucker_2005,Tucker_2005_2003_returns,Tucker_2005_2003_returns_m4,1,NA,NA,NA,6,11,mixed,net kcal/h,1082.0895522388064,NA,NA,1543.84328358209,1120.282473363733,323.39769378248553,game_mixed
Tucker_2005,Tucker_2005_2003_returns,Tucker_2005_2003_returns_m5,1,NA,NA,NA,12,19,mixed,net kcal/h,485.07462686567214,NA,NA,1543.84328358209,1120.282473363733,323.39769378248553,game_mixed
Tucker_2005,Tucker_2005_2003_returns,Tucker_2005_2003_returns_m5,1,NA,NA,NA,12,19,mixed,net kcal/h,559.7014925373132,NA,NA,1543.84328358209,1120.282473363733,323.39769378248553,game_mixed
Tucker_2005,Tucker_2005_2003_returns,Tucker_2005_2003_returns_m5,1,NA,NA,NA,12,19,mixed,net kcal/h,634.3283582089562,NA,NA,1543.84328358209,1120.282473363733,323.39769378248553,game_mixed
Tucker_2005,Tucker_2005_2003_returns,Tucker_2005_2003_returns_m5,1,NA,NA,NA,12,19,mixed,net kcal/h,820.8955223880603,NA,NA,1543.84328358209,1120.282473363733,323.39769378248553,game_mixed
Tucker_2005,Tucker_2005_2003_returns,Tucker_2005_2003_returns_m5,1,NA,NA,NA,12,19,mixed,net kcal/h,951.4925373134329,NA,NA,1543.84328358209,1120.282473363733,323.39769378248553,game_mixed
Tucker_2005,Tucker_2005_2003_returns,Tucker_2005_2003_returns_m5,1,NA,NA,NA,12,19,mixed,net kcal/h,1007.4626865671644,NA,NA,1543.84328358209,1120.282473363733,323.39769378248553,game_mixed
Tucker_2005,Tucker_2005_2003_returns,Tucker_2005_2003_returns_m5,1,NA,NA,NA,12,19,mixed,net kcal/h,1044.7761194029872,NA,NA,1543.84328358209,1120.282473363733,323.39769378248553,game_mixed
Tucker_2005,Tucker_2005_2003_returns,Tucker_2005_2003_returns_m6,1,NA,NA,NA,12,19,mixed,net kcal/h,820.8955223880603,NA,NA,1543.84328358209,1120.282473363733,323.39769378248553,game_mixed
Tucker_2005,Tucker_2005_2003_returns,Tucker_2005_2003_returns_m6,1,NA,NA,NA,12,19,mixed,net kcal/h,2723.880597014925,NA,NA,1543.84328358209,1120.282473363733,323.39769378248553,game_mixed
Tucker_2005,Tucker_2005_2003_returns,Tucker_2005_2003_returns_m7,1,NA,NA,NA,12,19,mixed,net kcal/h,820.8955223880603,NA,NA,1543.84328358209,1120.282473363733,323.39769378248553,game_mixed
Tucker_2005,Tucker_2005_2003_returns,Tucker_2005_2003_returns_m7,1,NA,NA,NA,12,19,mixed,net kcal/h,2723.880597014925,NA,NA,1543.84328358209,1120.282473363733,323.39769378248553,game_mixed
Tucker_2005,Tucker_2005_2003_returns,Tucker_2005_2003_returns_f1,0,NA,NA,NA,6,11,mixed,net kcal/h,150.37593984962405,NA,NA,1681.6078658183912,462.25669649203803,128.20694012527986,game_mixed
Tucker_2005,Tucker_2005_2003_returns,Tucker_2005_2003_returns_f1,0,NA,NA,NA,6,11,mixed,net kcal/h,281.95488721804304,NA,NA,1681.6078658183912,462.25669649203803,128.20694012527986,game_mixed
Tucker_2005,Tucker_2005_2003_returns,Tucker_2005_2003_returns_f1,0,NA,NA,NA,6,11,mixed,net kcal/h,488.7218045112777,NA,NA,1681.6078658183912,462.25669649203803,128.20694012527986,game_mixed
Tucker_2005,Tucker_2005_2003_returns,Tucker_2005_2003_returns_f1,0,NA,NA,NA,6,11,mixed,net kcal/h,563.9097744360897,NA,NA,1681.6078658183912,462.25669649203803,128.20694012527986,game_mixed
Tucker_2005,Tucker_2005_2003_returns,Tucker_2005_2003_returns_f1,0,NA,NA,NA,6,11,mixed,net kcal/h,657.894736842105,NA,NA,1681.6078658183912,462.25669649203803,128.20694012527986,game_mixed
Tucker_2005,Tucker_2005_2003_returns,Tucker_2005_2003_returns_f1,0,NA,NA,NA,6,11,mixed,net kcal/h,733.0827067669161,NA,NA,1681.6078658183912,462.25669649203803,128.20694012527986,game_mixed
Tucker_2005,Tucker_2005_2003_returns,Tucker_2005_2003_returns_f1,0,NA,NA,NA,6,11,mixed,net kcal/h,808.2706766917281,NA,NA,1681.6078658183912,462.25669649203803,128.20694012527986,game_mixed
Tucker_2005,Tucker_2005_2003_returns,Tucker_2005_2003_returns_f1,0,NA,NA,NA,6,11,mixed,net kcal/h,902.2556390977443,NA,NA,1681.6078658183912,462.25669649203803,128.20694012527986,game_mixed
Tucker_2005,Tucker_2005_2003_returns,Tucker_2005_2003_returns_f1,0,NA,NA,NA,6,11,mixed,net kcal/h,1127.8195488721794,NA,NA,1681.6078658183912,462.25669649203803,128.20694012527986,game_mixed
Tucker_2005,Tucker_2005_2003_returns,Tucker_2005_2003_returns_f2,0,NA,NA,NA,6,11,mixed,net kcal/h,150.37593984962405,NA,NA,1681.6078658183912,462.25669649203803,128.20694012527986,game_mixed
Tucker_2005,Tucker_2005_2003_returns,Tucker_2005_2003_returns_f2,0,NA,NA,NA,6,11,mixed,net kcal/h,225.56390977443607,NA,NA,1681.6078658183912,462.25669649203803,128.20694012527986,game_mixed
Tucker_2005,Tucker_2005_2003_returns,Tucker_2005_2003_returns_f2,0,NA,NA,NA,6,11,mixed,net kcal/h,300.7518796992481,NA,NA,1681.6078658183912,462.25669649203803,128.20694012527986,game_mixed
Tucker_2005,Tucker_2005_2003_returns,Tucker_2005_2003_returns_f2,0,NA,NA,NA,6,11,mixed,net kcal/h,488.7218045112777,NA,NA,1681.6078658183912,462.25669649203803,128.20694012527986,game_mixed
Tucker_2005,Tucker_2005_2003_returns,Tucker_2005_2003_returns_f2,0,NA,NA,NA,6,11,mixed,net kcal/h,639.0977443609017,NA,NA,1681.6078658183912,462.25669649203803,128.20694012527986,game_mixed
Tucker_2005,Tucker_2005_2003_returns,Tucker_2005_2003_returns_f2,0,NA,NA,NA,6,11,mixed,net kcal/h,751.8796992481184,NA,NA,1681.6078658183912,462.25669649203803,128.20694012527986,game_mixed
Tucker_2005,Tucker_2005_2003_returns,Tucker_2005_2003_returns_f3,0,NA,NA,NA,6,11,mixed,net kcal/h,338.34586466165274,NA,NA,1681.6078658183912,462.25669649203803,128.20694012527986,game_mixed
Tucker_2005,Tucker_2005_2003_returns,Tucker_2005_2003_returns_f3,0,NA,NA,NA,6,11,mixed,net kcal/h,432.3308270676689,NA,NA,1681.6078658183912,462.25669649203803,128.20694012527986,game_mixed
Tucker_2005,Tucker_2005_2003_returns,Tucker_2005_2003_returns_f3,0,NA,NA,NA,6,11,mixed,net kcal/h,488.7218045112777,NA,NA,1681.6078658183912,462.25669649203803,128.20694012527986,game_mixed
Tucker_2005,Tucker_2005_2003_returns,Tucker_2005_2003_returns_f3,0,NA,NA,NA,6,11,mixed,net kcal/h,563.9097744360897,NA,NA,1681.6078658183912,462.25669649203803,128.20694012527986,game_mixed
Tucker_2005,Tucker_2005_2003_returns,Tucker_2005_2003_returns_f3,0,NA,NA,NA,6,11,mixed,net kcal/h,714.2857142857138,NA,NA,1681.6078658183912,462.25669649203803,128.20694012527986,game_mixed
Tucker_2005,Tucker_2005_2003_returns,Tucker_2005_2003_returns_f3,0,NA,NA,NA,6,11,mixed,net kcal/h,789.4736842105258,NA,NA,1681.6078658183912,462.25669649203803,128.20694012527986,game_mixed
Tucker_2005,Tucker_2005_2003_returns,Tucker_2005_2003_returns_f3,0,NA,NA,NA,6,11,mixed,net kcal/h,1616.541353383458,NA,NA,1681.6078658183912,462.25669649203803,128.20694012527986,game_mixed
Tucker_2005,Tucker_2005_2003_returns,Tucker_2005_2003_returns_f4,0,NA,NA,NA,6,11,mixed,net kcal/h,639.0977443609017,NA,NA,1681.6078658183912,462.25669649203803,128.20694012527986,game_mixed
Tucker_2005,Tucker_2005_2003_returns,Tucker_2005_2003_returns_f4,0,NA,NA,NA,6,11,mixed,net kcal/h,714.2857142857138,NA,NA,1681.6078658183912,462.25669649203803,128.20694012527986,game_mixed
Tucker_2005,Tucker_2005_2003_returns,Tucker_2005_2003_returns_f4,0,NA,NA,NA,6,11,mixed,net kcal/h,714.2857142857138,NA,NA,1681.6078658183912,462.25669649203803,128.20694012527986,game_mixed
Tucker_2005,Tucker_2005_2003_returns,Tucker_2005_2003_returns_f4,0,NA,NA,NA,6,11,mixed,net kcal/h,808.2706766917281,NA,NA,1681.6078658183912,462.25669649203803,128.20694012527986,game_mixed
Tucker_2005,Tucker_2005_2003_returns,Tucker_2005_2003_returns_f4,0,NA,NA,NA,6,11,mixed,net kcal/h,902.2556390977443,NA,NA,1681.6078658183912,462.25669649203803,128.20694012527986,game_mixed
Tucker_2005,Tucker_2005_2003_returns,Tucker_2005_2003_returns_f4,0,NA,NA,NA,6,11,mixed,net kcal/h,977.4436090225563,NA,NA,1681.6078658183912,462.25669649203803,128.20694012527986,game_mixed
Tucker_2005,Tucker_2005_2003_returns,Tucker_2005_2003_returns_f4,0,NA,NA,NA,6,11,mixed,net kcal/h,1278.1954887218035,NA,NA,1681.6078658183912,462.25669649203803,128.20694012527986,game_mixed
Tucker_2005,Tucker_2005_2003_returns,Tucker_2005_2003_returns_f4,0,NA,NA,NA,6,11,mixed,net kcal/h,1917.2932330827061,NA,NA,1681.6078658183912,462.25669649203803,128.20694012527986,game_mixed
Tucker_2005,Tucker_2005_2003_returns,Tucker_2005_2003_returns_f5,0,NA,NA,NA,6,11,mixed,net kcal/h,507.51879699248093,NA,NA,1681.6078658183912,462.25669649203803,128.20694012527986,game_mixed
Tucker_2005,Tucker_2005_2003_returns,Tucker_2005_2003_returns_f5,0,NA,NA,NA,6,11,mixed,net kcal/h,657.894736842105,NA,NA,1681.6078658183912,462.25669649203803,128.20694012527986,game_mixed
Tucker_2005,Tucker_2005_2003_returns,Tucker_2005_2003_returns_f5,0,NA,NA,NA,6,11,mixed,net kcal/h,714.2857142857138,NA,NA,1681.6078658183912,462.25669649203803,128.20694012527986,game_mixed
Tucker_2005,Tucker_2005_2003_returns,Tucker_2005_2003_returns_f5,0,NA,NA,NA,6,11,mixed,net kcal/h,789.4736842105258,NA,NA,1681.6078658183912,462.25669649203803,128.20694012527986,game_mixed
Tucker_2005,Tucker_2005_2003_returns,Tucker_2005_2003_returns_f5,0,NA,NA,NA,6,11,mixed,net kcal/h,827.0676691729304,NA,NA,1681.6078658183912,462.25669649203803,128.20694012527986,game_mixed
Tucker_2005,Tucker_2005_2003_returns,Tucker_2005_2003_returns_f5,0,NA,NA,NA,6,11,mixed,net kcal/h,1278.1954887218035,NA,NA,1681.6078658183912,462.25669649203803,128.20694012527986,game_mixed
Tucker_2005,Tucker_2005_2003_returns,Tucker_2005_2003_returns_f5,0,NA,NA,NA,6,11,mixed,net kcal/h,1334.5864661654132,NA,NA,1681.6078658183912,462.25669649203803,128.20694012527986,game_mixed
Tucker_2005,Tucker_2005_2003_returns,Tucker_2005_2003_returns_f6,0,NA,NA,NA,12,19,mixed,net kcal/h,338.34586466165274,NA,NA,1681.6078658183912,462.25669649203803,128.20694012527986,game_mixed
Tucker_2005,Tucker_2005_2003_returns,Tucker_2005_2003_returns_f6,0,NA,NA,NA,12,19,mixed,net kcal/h,676.6917293233073,NA,NA,1681.6078658183912,462.25669649203803,128.20694012527986,game_mixed
Tucker_2005,Tucker_2005_2003_returns,Tucker_2005_2003_returns_f6,0,NA,NA,NA,12,19,mixed,net kcal/h,751.8796992481184,NA,NA,1681.6078658183912,462.25669649203803,128.20694012527986,game_mixed
Tucker_2005,Tucker_2005_2003_returns,Tucker_2005_2003_returns_f6,0,NA,NA,NA,12,19,mixed,net kcal/h,1259.3984962406012,NA,NA,1681.6078658183912,462.25669649203803,128.20694012527986,game_mixed
Tucker_2005,Tucker_2005_2003_returns,Tucker_2005_2003_returns_f6,0,NA,NA,NA,12,19,mixed,net kcal/h,1334.5864661654132,NA,NA,1681.6078658183912,462.25669649203803,128.20694012527986,game_mixed
Tucker_2005,Tucker_2005_2003_returns,Tucker_2005_2003_returns_f6,0,NA,NA,NA,12,19,mixed,net kcal/h,1334.5864661654132,NA,NA,1681.6078658183912,462.25669649203803,128.20694012527986,game_mixed
Tucker_2005,Tucker_2005_2003_returns,Tucker_2005_2003_returns_f6,0,NA,NA,NA,12,19,mixed,net kcal/h,1409.7744360902243,NA,NA,1681.6078658183912,462.25669649203803,128.20694012527986,game_mixed
Tucker_2005,Tucker_2005_2003_returns,Tucker_2005_2003_returns_f6,0,NA,NA,NA,12,19,mixed,net kcal/h,1466.165413533834,NA,NA,1681.6078658183912,462.25669649203803,128.20694012527986,game_mixed
Tucker_2005,Tucker_2005_2003_returns,Tucker_2005_2003_returns_f6,0,NA,NA,NA,12,19,mixed,net kcal/h,1635.3383458646604,NA,NA,1681.6078658183912,462.25669649203803,128.20694012527986,game_mixed
Tucker_2005,Tucker_2005_2003_returns,Tucker_2005_2003_returns_f6,0,NA,NA,NA,12,19,mixed,net kcal/h,1766.917293233082,NA,NA,1681.6078658183912,462.25669649203803,128.20694012527986,game_mixed
Tucker_2005,Tucker_2005_2003_returns,Tucker_2005_2003_returns_f6,0,NA,NA,NA,12,19,mixed,net kcal/h,1860.902255639097,NA,NA,1681.6078658183912,462.25669649203803,128.20694012527986,game_mixed
Tucker_2005,Tucker_2005_2003_returns,Tucker_2005_2003_returns_f7,0,NA,NA,NA,12,19,mixed,net kcal/h,789.4736842105258,NA,NA,1681.6078658183912,462.25669649203803,128.20694012527986,game_mixed
Tucker_2005,Tucker_2005_2003_returns,Tucker_2005_2003_returns_f7,0,NA,NA,NA,12,19,mixed,net kcal/h,902.2556390977443,NA,NA,1681.6078658183912,462.25669649203803,128.20694012527986,game_mixed
Tucker_2005,Tucker_2005_2003_returns,Tucker_2005_2003_returns_f7,0,NA,NA,NA,12,19,mixed,net kcal/h,1090.225563909773,NA,NA,1681.6078658183912,462.25669649203803,128.20694012527986,game_mixed
Tucker_2005,Tucker_2005_2003_returns,Tucker_2005_2003_returns_f7,0,NA,NA,NA,12,19,mixed,net kcal/h,1127.8195488721794,NA,NA,1681.6078658183912,462.25669649203803,128.20694012527986,game_mixed
Tucker_2005,Tucker_2005_2003_returns,Tucker_2005_2003_returns_f7,0,NA,NA,NA,12,19,mixed,net kcal/h,2180.4511278195473,NA,NA,1681.6078658183912,462.25669649203803,128.20694012527986,game_mixed
Tucker_2005,Tucker_2005_2003_returns,Tucker_2005_2003_returns_f7,0,NA,NA,NA,12,19,mixed,net kcal/h,2612.7819548872176,NA,NA,1681.6078658183912,462.25669649203803,128.20694012527986,game_mixed
Tucker_2005,Tucker_2005_2003_returns,Tucker_2005_2003_returns_f8,0,NA,NA,NA,12,19,mixed,net kcal/h,939.8496240601489,NA,NA,1681.6078658183912,462.25669649203803,128.20694012527986,game_mixed
Tucker_2005,Tucker_2005_2003_returns,Tucker_2005_2003_returns_f8,0,NA,NA,NA,12,19,mixed,net kcal/h,1090.225563909773,NA,NA,1681.6078658183912,462.25669649203803,128.20694012527986,game_mixed
Tucker_2005,Tucker_2005_2003_returns,Tucker_2005_2003_returns_f8,0,NA,NA,NA,12,19,mixed,net kcal/h,1259.3984962406012,NA,NA,1681.6078658183912,462.25669649203803,128.20694012527986,game_mixed
Tucker_2005,Tucker_2005_2003_returns,Tucker_2005_2003_returns_f8,0,NA,NA,NA,12,19,mixed,net kcal/h,1691.72932330827,NA,NA,1681.6078658183912,462.25669649203803,128.20694012527986,game_mixed
Tucker_2005,Tucker_2005_2003_returns,Tucker_2005_2003_returns_f8,0,NA,NA,NA,12,19,mixed,net kcal/h,1785.7142857142853,NA,NA,1681.6078658183912,462.25669649203803,128.20694012527986,game_mixed
Tucker_2005,Tucker_2005_2003_returns,Tucker_2005_2003_returns_f8,0,NA,NA,NA,12,19,mixed,net kcal/h,2763.1578947368407,NA,NA,1681.6078658183912,462.25669649203803,128.20694012527986,game_mixed
Tucker_2005,Tucker_2005_2003_returns,Tucker_2005_2003_returns_f9,0,NA,NA,NA,12,19,mixed,net kcal/h,1729.323308270676,NA,NA,1681.6078658183912,462.25669649203803,128.20694012527986,game_mixed
Ellen_cchunts,Ellen_cchunts,Ellen1549,1,17,interval,NA,16.5,17,game,kg,0,NA,NA,33.636413043478264,58.36470129557784,6.084940746131803,game_mixed
Ellen_cchunts,Ellen_cchunts,Ellen1549,1,17,interval,NA,16.5,17,game,kg,0,NA,NA,33.636413043478264,58.36470129557784,6.084940746131803,game_mixed
Ellen_cchunts,Ellen_cchunts,Ellen1549,1,17,interval,NA,16.5,17,game,kg,50,NA,NA,33.636413043478264,58.36470129557784,6.084940746131803,game_mixed
Ellen_cchunts,Ellen_cchunts,Ellen1569,1,13,interval,NA,12.5,13,game,kg,50,NA,NA,33.636413043478264,58.36470129557784,6.084940746131803,game_mixed
Ellen_cchunts,Ellen_cchunts,Ellen1559,1,15,interval,NA,14.5,15,game,kg,3.5,NA,NA,33.636413043478264,58.36470129557784,6.084940746131803,game_mixed
Ellen_cchunts,Ellen_cchunts,Ellen1539,1,18,interval,NA,17.5,18,game,kg,3.5,NA,NA,33.636413043478264,58.36470129557784,6.084940746131803,game_mixed
Ellen_cchunts,Ellen_cchunts,Ellen1549,1,17,interval,NA,16.5,17,game,kg,50,NA,NA,33.636413043478264,58.36470129557784,6.084940746131803,game_mixed
Ellen_cchunts,Ellen_cchunts,Ellen1549,1,17,interval,NA,16.5,17,game,kg,0,NA,NA,33.636413043478264,58.36470129557784,6.084940746131803,game_mixed
Ellen_cchunts,Ellen_cchunts,Ellen1549,1,17,interval,NA,16.5,17,game,kg,0,NA,NA,33.636413043478264,58.36470129557784,6.084940746131803,game_mixed
Ellen_cchunts,Ellen_cchunts,Ellen1549,1,17,interval,NA,16.5,17,game,kg,0,NA,NA,33.636413043478264,58.36470129557784,6.084940746131803,game_mixed
Ellen_cchunts,Ellen_cchunts,Ellen1559,1,15,interval,NA,14.5,15,game,kg,0,NA,NA,33.636413043478264,58.36470129557784,6.084940746131803,game_mixed
Ellen_cchunts,Ellen_cchunts,Ellen1559,1,15,interval,NA,14.5,15,game,kg,17.5,NA,NA,33.636413043478264,58.36470129557784,6.084940746131803,game_mixed
Ellen_cchunts,Ellen_cchunts,Ellen1551,1,18,interval,NA,17.5,18,game,kg,0,NA,NA,33.636413043478264,58.36470129557784,6.084940746131803,game_mixed
Ellen_cchunts,Ellen_cchunts,Ellen1534,1,10,interval,NA,10,15,game,kg,0,NA,NA,33.636413043478264,58.36470129557784,6.084940746131803,game_mixed
Ellen_cchunts,Ellen_cchunts,Ellen1549,1,17,interval,NA,16.5,17,game,kg,24.5,NA,NA,33.636413043478264,58.36470129557784,6.084940746131803,game_mixed
Ellen_cchunts,Ellen_cchunts,Ellen1539,1,18,interval,NA,17.5,18,game,kg,24.5,NA,NA,33.636413043478264,58.36470129557784,6.084940746131803,game_mixed
Ellen_cchunts,Ellen_cchunts,Ellen1551,1,18,interval,NA,17.5,18,game,kg,50,NA,NA,33.636413043478264,58.36470129557784,6.084940746131803,game_mixed
Ellen_cchunts,Ellen_cchunts,Ellen1549,1,17,interval,NA,16.5,17,game,kg,3.5,NA,NA,33.636413043478264,58.36470129557784,6.084940746131803,game_mixed
Ellen_cchunts,Ellen_cchunts,Ellen1559,1,15,interval,NA,14.5,15,game,kg,0,NA,NA,33.636413043478264,58.36470129557784,6.084940746131803,game_mixed
Ellen_cchunts,Ellen_cchunts,Ellen1534,1,10,interval,NA,10,15,game,kg,0,NA,NA,33.636413043478264,58.36470129557784,6.084940746131803,game_mixed
Ellen_cchunts,Ellen_cchunts,Ellen1534,1,10,interval,NA,10,15,game,kg,0,NA,NA,33.636413043478264,58.36470129557784,6.084940746131803,game_mixed
Ellen_cchunts,Ellen_cchunts,Ellen1549,1,17,interval,NA,16.5,17,game,kg,24.5,NA,NA,33.636413043478264,58.36470129557784,6.084940746131803,game_mixed
Ellen_cchunts,Ellen_cchunts,Ellen1559,1,15,interval,NA,14.5,15,game,kg,0,NA,NA,33.636413043478264,58.36470129557784,6.084940746131803,game_mixed
Ellen_cchunts,Ellen_cchunts,Ellen1549,1,17,interval,NA,16.5,17,game,kg,50,NA,NA,33.636413043478264,58.36470129557784,6.084940746131803,game_mixed
Ellen_cchunts,Ellen_cchunts,Ellen1534,1,10,interval,NA,10,15,game,kg,189,NA,NA,33.636413043478264,58.36470129557784,6.084940746131803,game_mixed
Ellen_cchunts,Ellen_cchunts,Ellen1549,1,17,interval,NA,16.5,17,game,kg,113,NA,NA,33.636413043478264,58.36470129557784,6.084940746131803,game_mixed
Ellen_cchunts,Ellen_cchunts,Ellen1534,1,10,interval,NA,10,15,game,kg,14,NA,NA,33.636413043478264,58.36470129557784,6.084940746131803,game_mixed
Ellen_cchunts,Ellen_cchunts,Ellen1534,1,10,interval,NA,10,15,game,kg,0,NA,NA,33.636413043478264,58.36470129557784,6.084940746131803,game_mixed
Ellen_cchunts,Ellen_cchunts,Ellen1549,1,17,interval,NA,16.5,17,game,kg,0,NA,NA,33.636413043478264,58.36470129557784,6.084940746131803,game_mixed
Ellen_cchunts,Ellen_cchunts,Ellen1534,1,10,interval,NA,10,15,game,kg,0,NA,NA,33.636413043478264,58.36470129557784,6.084940746131803,game_mixed
Ellen_cchunts,Ellen_cchunts,Ellen1536,1,15,interval,NA,15,20,game,kg,15,NA,NA,33.636413043478264,58.36470129557784,6.084940746131803,game_mixed
Ellen_cchunts,Ellen_cchunts,Ellen1549,1,17,interval,NA,16.5,17,game,kg,15,NA,NA,33.636413043478264,58.36470129557784,6.084940746131803,game_mixed
Ellen_cchunts,Ellen_cchunts,Ellen1534,1,10,interval,NA,10,15,game,kg,13.8,NA,NA,33.636413043478264,58.36470129557784,6.084940746131803,game_mixed
Ellen_cchunts,Ellen_cchunts,Ellen1551,1,18,interval,NA,17.5,18,game,kg,0.6,NA,NA,33.636413043478264,58.36470129557784,6.084940746131803,game_mixed
Ellen_cchunts,Ellen_cchunts,Ellen1549,1,17,interval,NA,16.5,17,game,kg,50,NA,NA,33.636413043478264,58.36470129557784,6.084940746131803,game_mixed
Ellen_cchunts,Ellen_cchunts,Ellen1539,1,18,interval,NA,17.5,18,game,kg,10.5,NA,NA,33.636413043478264,58.36470129557784,6.084940746131803,game_mixed
Ellen_cchunts,Ellen_cchunts,Ellen1539,1,18,interval,NA,17.5,18,game,kg,0,NA,NA,33.636413043478264,58.36470129557784,6.084940746131803,game_mixed
Ellen_cchunts,Ellen_cchunts,Ellen1551,1,18,interval,NA,17.5,18,game,kg,0,NA,NA,33.636413043478264,58.36470129557784,6.084940746131803,game_mixed
Ellen_cchunts,Ellen_cchunts,Ellen1551,1,18,interval,NA,17.5,18,game,kg,50,NA,NA,33.636413043478264,58.36470129557784,6.084940746131803,game_mixed
Ellen_cchunts,Ellen_cchunts,Ellen1534,1,10,interval,NA,10,15,game,kg,10.5,NA,NA,33.636413043478264,58.36470129557784,6.084940746131803,game_mixed
Ellen_cchunts,Ellen_cchunts,Ellen1551,1,18,interval,NA,17.5,18,game,kg,10.5,NA,NA,33.636413043478264,58.36470129557784,6.084940746131803,game_mixed
Ellen_cchunts,Ellen_cchunts,Ellen1562,1,18,interval,NA,17.5,18,game,kg,63,NA,NA,33.636413043478264,58.36470129557784,6.084940746131803,game_mixed
Ellen_cchunts,Ellen_cchunts,Ellen1534,1,10,interval,NA,10,15,game,kg,250,NA,NA,33.636413043478264,58.36470129557784,6.084940746131803,game_mixed
Ellen_cchunts,Ellen_cchunts,Ellen1549,1,17,interval,NA,16.5,17,game,kg,250,NA,NA,33.636413043478264,58.36470129557784,6.084940746131803,game_mixed
Ellen_cchunts,Ellen_cchunts,Ellen1549,1,17,interval,NA,16.5,17,game,kg,0,NA,NA,33.636413043478264,58.36470129557784,6.084940746131803,game_mixed
Ellen_cchunts,Ellen_cchunts,Ellen1549,1,17,interval,NA,16.5,17,game,kg,50,NA,NA,33.636413043478264,58.36470129557784,6.084940746131803,game_mixed
Ellen_cchunts,Ellen_cchunts,Ellen1549,1,17,interval,NA,16.5,17,game,kg,150,NA,NA,33.636413043478264,58.36470129557784,6.084940746131803,game_mixed
Lupo_Schmitt_cchunts,Lupo_Schmitt_cchunts,Lupo_Schmitt290,1,16,interval,NA,16,18,game,kg,3.82,NA,NA,1.6227263157894736,3.488197000193245,0.2066229578467101,game_mixed
Lupo_Schmitt_cchunts,Lupo_Schmitt_cchunts,Lupo_Schmitt361,1,18,interval,NA,18,20,game,kg,3.82,NA,NA,1.6227263157894736,3.488197000193245,0.2066229578467101,game_mixed
Lupo_Schmitt_cchunts,Lupo_Schmitt_cchunts,Lupo_Schmitt276,1,18,interval,NA,18,20,game,kg,0,NA,NA,1.6227263157894736,3.488197000193245,0.2066229578467101,game_mixed
Lupo_Schmitt_cchunts,Lupo_Schmitt_cchunts,Lupo_Schmitt287,1,18,interval,NA,18,20,game,kg,0.75,NA,NA,1.6227263157894736,3.488197000193245,0.2066229578467101,game_mixed
Lupo_Schmitt_cchunts,Lupo_Schmitt_cchunts,Lupo_Schmitt334,1,12,interval,NA,12,14,game,kg,4.45,NA,NA,1.6227263157894736,3.488197000193245,0.2066229578467101,game_mixed
Lupo_Schmitt_cchunts,Lupo_Schmitt_cchunts,Lupo_Schmitt335,1,18,interval,NA,18,20,game,kg,0,NA,NA,1.6227263157894736,3.488197000193245,0.2066229578467101,game_mixed
Lupo_Schmitt_cchunts,Lupo_Schmitt_cchunts,Lupo_Schmitt340,1,16,interval,NA,16,18,game,kg,0,NA,NA,1.6227263157894736,3.488197000193245,0.2066229578467101,game_mixed
Lupo_Schmitt_cchunts,Lupo_Schmitt_cchunts,Lupo_Schmitt276,1,18,interval,NA,18,20,game,kg,0,NA,NA,1.6227263157894736,3.488197000193245,0.2066229578467101,game_mixed
Lupo_Schmitt_cchunts,Lupo_Schmitt_cchunts,Lupo_Schmitt329,1,18,interval,NA,18,20,game,kg,0,NA,NA,1.6227263157894736,3.488197000193245,0.2066229578467101,game_mixed
Lupo_Schmitt_cchunts,Lupo_Schmitt_cchunts,Lupo_Schmitt335,1,18,interval,NA,18,20,game,kg,0,NA,NA,1.6227263157894736,3.488197000193245,0.2066229578467101,game_mixed
Lupo_Schmitt_cchunts,Lupo_Schmitt_cchunts,Lupo_Schmitt276,1,18,interval,NA,18,20,game,kg,3.82,NA,NA,1.6227263157894736,3.488197000193245,0.2066229578467101,game_mixed
Lupo_Schmitt_cchunts,Lupo_Schmitt_cchunts,Lupo_Schmitt334,1,12,interval,NA,12,14,game,kg,0,NA,NA,1.6227263157894736,3.488197000193245,0.2066229578467101,game_mixed
Lupo_Schmitt_cchunts,Lupo_Schmitt_cchunts,Lupo_Schmitt335,1,18,interval,NA,18,20,game,kg,0,NA,NA,1.6227263157894736,3.488197000193245,0.2066229578467101,game_mixed
Lupo_Schmitt_cchunts,Lupo_Schmitt_cchunts,Lupo_Schmitt276,1,18,interval,NA,18,20,game,kg,3.82,NA,NA,1.6227263157894736,3.488197000193245,0.2066229578467101,game_mixed
Lupo_Schmitt_cchunts,Lupo_Schmitt_cchunts,Lupo_Schmitt329,1,18,interval,NA,18,20,game,kg,0,NA,NA,1.6227263157894736,3.488197000193245,0.2066229578467101,game_mixed
Lupo_Schmitt_cchunts,Lupo_Schmitt_cchunts,Lupo_Schmitt335,1,18,interval,NA,18,20,game,kg,0,NA,NA,1.6227263157894736,3.488197000193245,0.2066229578467101,game_mixed
Lupo_Schmitt_cchunts,Lupo_Schmitt_cchunts,Lupo_Schmitt276,1,18,interval,NA,18,20,game,kg,0,NA,NA,1.6227263157894736,3.488197000193245,0.2066229578467101,game_mixed
Lupo_Schmitt_cchunts,Lupo_Schmitt_cchunts,Lupo_Schmitt287,1,18,interval,NA,18,20,game,kg,0,NA,NA,1.6227263157894736,3.488197000193245,0.2066229578467101,game_mixed
Lupo_Schmitt_cchunts,Lupo_Schmitt_cchunts,Lupo_Schmitt290,1,16,interval,NA,16,18,game,kg,0,NA,NA,1.6227263157894736,3.488197000193245,0.2066229578467101,game_mixed
Lupo_Schmitt_cchunts,Lupo_Schmitt_cchunts,Lupo_Schmitt329,1,18,interval,NA,18,20,game,kg,2,NA,NA,1.6227263157894736,3.488197000193245,0.2066229578467101,game_mixed
Lupo_Schmitt_cchunts,Lupo_Schmitt_cchunts,Lupo_Schmitt334,1,12,interval,NA,12,14,game,kg,0,NA,NA,1.6227263157894736,3.488197000193245,0.2066229578467101,game_mixed
Lupo_Schmitt_cchunts,Lupo_Schmitt_cchunts,Lupo_Schmitt335,1,18,interval,NA,18,20,game,kg,2.5,NA,NA,1.6227263157894736,3.488197000193245,0.2066229578467101,game_mixed
Lupo_Schmitt_cchunts,Lupo_Schmitt_cchunts,Lupo_Schmitt366,1,18,interval,NA,18,20,game,kg,0,NA,NA,1.6227263157894736,3.488197000193245,0.2066229578467101,game_mixed
Lupo_Schmitt_cchunts,Lupo_Schmitt_cchunts,Lupo_Schmitt282,1,18,interval,NA,18,20,game,kg,0,NA,NA,1.6227263157894736,3.488197000193245,0.2066229578467101,game_mixed
Lupo_Schmitt_cchunts,Lupo_Schmitt_cchunts,Lupo_Schmitt287,1,18,interval,NA,18,20,game,kg,0,NA,NA,1.6227263157894736,3.488197000193245,0.2066229578467101,game_mixed
Lupo_Schmitt_cchunts,Lupo_Schmitt_cchunts,Lupo_Schmitt325,1,18,interval,NA,18,20,game,kg,0,NA,NA,1.6227263157894736,3.488197000193245,0.2066229578467101,game_mixed
Lupo_Schmitt_cchunts,Lupo_Schmitt_cchunts,Lupo_Schmitt329,1,18,interval,NA,18,20,game,kg,0,NA,NA,1.6227263157894736,3.488197000193245,0.2066229578467101,game_mixed
Lupo_Schmitt_cchunts,Lupo_Schmitt_cchunts,Lupo_Schmitt334,1,12,interval,NA,12,14,game,kg,0,NA,NA,1.6227263157894736,3.488197000193245,0.2066229578467101,game_mixed
Lupo_Schmitt_cchunts,Lupo_Schmitt_cchunts,Lupo_Schmitt335,1,18,interval,NA,18,20,game,kg,0,NA,NA,1.6227263157894736,3.488197000193245,0.2066229578467101,game_mixed
Lupo_Schmitt_cchunts,Lupo_Schmitt_cchunts,Lupo_Schmitt366,1,18,interval,NA,18,20,game,kg,0,NA,NA,1.6227263157894736,3.488197000193245,0.2066229578467101,game_mixed
Lupo_Schmitt_cchunts,Lupo_Schmitt_cchunts,Lupo_Schmitt281,1,10,interval,NA,10,12,game,kg,0,NA,NA,1.6227263157894736,3.488197000193245,0.2066229578467101,game_mixed
Lupo_Schmitt_cchunts,Lupo_Schmitt_cchunts,Lupo_Schmitt282,1,18,interval,NA,18,20,game,kg,0,NA,NA,1.6227263157894736,3.488197000193245,0.2066229578467101,game_mixed
Lupo_Schmitt_cchunts,Lupo_Schmitt_cchunts,Lupo_Schmitt325,1,18,interval,NA,18,20,game,kg,0,NA,NA,1.6227263157894736,3.488197000193245,0.2066229578467101,game_mixed
Lupo_Schmitt_cchunts,Lupo_Schmitt_cchunts,Lupo_Schmitt329,1,18,interval,NA,18,20,game,kg,0,NA,NA,1.6227263157894736,3.488197000193245,0.2066229578467101,game_mixed
Lupo_Schmitt_cchunts,Lupo_Schmitt_cchunts,Lupo_Schmitt330,1,6,interval,NA,6,8,game,kg,0,NA,NA,1.6227263157894736,3.488197000193245,0.2066229578467101,game_mixed
Lupo_Schmitt_cchunts,Lupo_Schmitt_cchunts,Lupo_Schmitt334,1,12,interval,NA,12,14,game,kg,0,NA,NA,1.6227263157894736,3.488197000193245,0.2066229578467101,game_mixed
Lupo_Schmitt_cchunts,Lupo_Schmitt_cchunts,Lupo_Schmitt335,1,18,interval,NA,18,20,game,kg,0,NA,NA,1.6227263157894736,3.488197000193245,0.2066229578467101,game_mixed
Lupo_Schmitt_cchunts,Lupo_Schmitt_cchunts,Lupo_Schmitt366,1,18,interval,NA,18,20,game,kg,0,NA,NA,1.6227263157894736,3.488197000193245,0.2066229578467101,game_mixed
Lupo_Schmitt_cchunts,Lupo_Schmitt_cchunts,Lupo_Schmitt282,1,18,interval,NA,18,20,game,kg,0,NA,NA,1.6227263157894736,3.488197000193245,0.2066229578467101,game_mixed
Lupo_Schmitt_cchunts,Lupo_Schmitt_cchunts,Lupo_Schmitt329,1,18,interval,NA,18,20,game,kg,0,NA,NA,1.6227263157894736,3.488197000193245,0.2066229578467101,game_mixed
Lupo_Schmitt_cchunts,Lupo_Schmitt_cchunts,Lupo_Schmitt282,1,18,interval,NA,18,20,game,kg,1.75,NA,NA,1.6227263157894736,3.488197000193245,0.2066229578467101,game_mixed
Lupo_Schmitt_cchunts,Lupo_Schmitt_cchunts,Lupo_Schmitt282,1,18,interval,NA,18,20,game,kg,0,NA,NA,1.6227263157894736,3.488197000193245,0.2066229578467101,game_mixed
Lupo_Schmitt_cchunts,Lupo_Schmitt_cchunts,Lupo_Schmitt290,1,16,interval,NA,16,18,game,kg,0,NA,NA,1.6227263157894736,3.488197000193245,0.2066229578467101,game_mixed
Lupo_Schmitt_cchunts,Lupo_Schmitt_cchunts,Lupo_Schmitt335,1,18,interval,NA,18,20,game,kg,0,NA,NA,1.6227263157894736,3.488197000193245,0.2066229578467101,game_mixed
Lupo_Schmitt_cchunts,Lupo_Schmitt_cchunts,Lupo_Schmitt290,1,16,interval,NA,16,18,game,kg,0,NA,NA,1.6227263157894736,3.488197000193245,0.2066229578467101,game_mixed
Lupo_Schmitt_cchunts,Lupo_Schmitt_cchunts,Lupo_Schmitt329,1,18,interval,NA,18,20,game,kg,0,NA,NA,1.6227263157894736,3.488197000193245,0.2066229578467101,game_mixed
Lupo_Schmitt_cchunts,Lupo_Schmitt_cchunts,Lupo_Schmitt334,1,12,interval,NA,12,14,game,kg,0,NA,NA,1.6227263157894736,3.488197000193245,0.2066229578467101,game_mixed
Lupo_Schmitt_cchunts,Lupo_Schmitt_cchunts,Lupo_Schmitt335,1,18,interval,NA,18,20,game,kg,1,NA,NA,1.6227263157894736,3.488197000193245,0.2066229578467101,game_mixed
Lupo_Schmitt_cchunts,Lupo_Schmitt_cchunts,Lupo_Schmitt290,1,16,interval,NA,16,18,game,kg,0,NA,NA,1.6227263157894736,3.488197000193245,0.2066229578467101,game_mixed
Lupo_Schmitt_cchunts,Lupo_Schmitt_cchunts,Lupo_Schmitt329,1,18,interval,NA,18,20,game,kg,0,NA,NA,1.6227263157894736,3.488197000193245,0.2066229578467101,game_mixed
Lupo_Schmitt_cchunts,Lupo_Schmitt_cchunts,Lupo_Schmitt334,1,12,interval,NA,12,14,game,kg,0,NA,NA,1.6227263157894736,3.488197000193245,0.2066229578467101,game_mixed
Lupo_Schmitt_cchunts,Lupo_Schmitt_cchunts,Lupo_Schmitt335,1,18,interval,NA,18,20,game,kg,0,NA,NA,1.6227263157894736,3.488197000193245,0.2066229578467101,game_mixed
Lupo_Schmitt_cchunts,Lupo_Schmitt_cchunts,Lupo_Schmitt282,1,18,interval,NA,18,20,game,kg,0,NA,NA,1.6227263157894736,3.488197000193245,0.2066229578467101,game_mixed
Lupo_Schmitt_cchunts,Lupo_Schmitt_cchunts,Lupo_Schmitt290,1,16,interval,NA,16,18,game,kg,0,NA,NA,1.6227263157894736,3.488197000193245,0.2066229578467101,game_mixed
Lupo_Schmitt_cchunts,Lupo_Schmitt_cchunts,Lupo_Schmitt329,1,18,interval,NA,18,20,game,kg,0,NA,NA,1.6227263157894736,3.488197000193245,0.2066229578467101,game_mixed
Lupo_Schmitt_cchunts,Lupo_Schmitt_cchunts,Lupo_Schmitt334,1,12,interval,NA,12,14,game,kg,0,NA,NA,1.6227263157894736,3.488197000193245,0.2066229578467101,game_mixed
Lupo_Schmitt_cchunts,Lupo_Schmitt_cchunts,Lupo_Schmitt335,1,18,interval,NA,18,20,game,kg,20.3,NA,NA,1.6227263157894736,3.488197000193245,0.2066229578467101,game_mixed
Lupo_Schmitt_cchunts,Lupo_Schmitt_cchunts,Lupo_Schmitt276,1,18,interval,NA,18,20,game,kg,2.75,NA,NA,1.6227263157894736,3.488197000193245,0.2066229578467101,game_mixed
Lupo_Schmitt_cchunts,Lupo_Schmitt_cchunts,Lupo_Schmitt310,1,8,interval,NA,8,10,game,kg,0,NA,NA,1.6227263157894736,3.488197000193245,0.2066229578467101,game_mixed
Lupo_Schmitt_cchunts,Lupo_Schmitt_cchunts,Lupo_Schmitt318,1,12,interval,NA,12,15,game,kg,0,NA,NA,1.6227263157894736,3.488197000193245,0.2066229578467101,game_mixed
Lupo_Schmitt_cchunts,Lupo_Schmitt_cchunts,Lupo_Schmitt322,1,10,interval,NA,10,12,game,kg,0.2,NA,NA,1.6227263157894736,3.488197000193245,0.2066229578467101,game_mixed
Lupo_Schmitt_cchunts,Lupo_Schmitt_cchunts,Lupo_Schmitt335,1,18,interval,NA,18,20,game,kg,0,NA,NA,1.6227263157894736,3.488197000193245,0.2066229578467101,game_mixed
Lupo_Schmitt_cchunts,Lupo_Schmitt_cchunts,Lupo_Schmitt347,1,12,interval,NA,12,15,game,kg,0,NA,NA,1.6227263157894736,3.488197000193245,0.2066229578467101,game_mixed
Lupo_Schmitt_cchunts,Lupo_Schmitt_cchunts,Lupo_Schmitt276,1,18,interval,NA,18,20,game,kg,0,NA,NA,1.6227263157894736,3.488197000193245,0.2066229578467101,game_mixed
Lupo_Schmitt_cchunts,Lupo_Schmitt_cchunts,Lupo_Schmitt282,1,18,interval,NA,18,20,game,kg,0,NA,NA,1.6227263157894736,3.488197000193245,0.2066229578467101,game_mixed
Lupo_Schmitt_cchunts,Lupo_Schmitt_cchunts,Lupo_Schmitt320,1,12,interval,NA,12,14,game,kg,0,NA,NA,1.6227263157894736,3.488197000193245,0.2066229578467101,game_mixed
Lupo_Schmitt_cchunts,Lupo_Schmitt_cchunts,Lupo_Schmitt324,1,18,interval,NA,18,20,game,kg,0,NA,NA,1.6227263157894736,3.488197000193245,0.2066229578467101,game_mixed
Lupo_Schmitt_cchunts,Lupo_Schmitt_cchunts,Lupo_Schmitt329,1,18,interval,NA,18,20,game,kg,0,NA,NA,1.6227263157894736,3.488197000193245,0.2066229578467101,game_mixed
Lupo_Schmitt_cchunts,Lupo_Schmitt_cchunts,Lupo_Schmitt334,1,12,interval,NA,12,14,game,kg,0,NA,NA,1.6227263157894736,3.488197000193245,0.2066229578467101,game_mixed
Lupo_Schmitt_cchunts,Lupo_Schmitt_cchunts,Lupo_Schmitt329,1,18,interval,NA,18,20,game,kg,0,NA,NA,1.6227263157894736,3.488197000193245,0.2066229578467101,game_mixed
Lupo_Schmitt_cchunts,Lupo_Schmitt_cchunts,Lupo_Schmitt334,1,12,interval,NA,12,14,game,kg,0,NA,NA,1.6227263157894736,3.488197000193245,0.2066229578467101,game_mixed
Lupo_Schmitt_cchunts,Lupo_Schmitt_cchunts,Lupo_Schmitt276,1,18,interval,NA,18,20,game,kg,0.9,NA,NA,1.6227263157894736,3.488197000193245,0.2066229578467101,game_mixed
Lupo_Schmitt_cchunts,Lupo_Schmitt_cchunts,Lupo_Schmitt320,1,12,interval,NA,12,14,game,kg,2.5,NA,NA,1.6227263157894736,3.488197000193245,0.2066229578467101,game_mixed
Lupo_Schmitt_cchunts,Lupo_Schmitt_cchunts,Lupo_Schmitt322,1,10,interval,NA,10,12,game,kg,0.6,NA,NA,1.6227263157894736,3.488197000193245,0.2066229578467101,game_mixed
Lupo_Schmitt_cchunts,Lupo_Schmitt_cchunts,Lupo_Schmitt329,1,18,interval,NA,18,20,game,kg,0,NA,NA,1.6227263157894736,3.488197000193245,0.2066229578467101,game_mixed
Lupo_Schmitt_cchunts,Lupo_Schmitt_cchunts,Lupo_Schmitt329,1,18,interval,NA,18,20,game,kg,3.82,NA,NA,1.6227263157894736,3.488197000193245,0.2066229578467101,game_mixed
Lupo_Schmitt_cchunts,Lupo_Schmitt_cchunts,Lupo_Schmitt334,1,12,interval,NA,12,14,game,kg,3.82,NA,NA,1.6227263157894736,3.488197000193245,0.2066229578467101,game_mixed
Lupo_Schmitt_cchunts,Lupo_Schmitt_cchunts,Lupo_Schmitt334,1,12,interval,NA,12,14,game,kg,3.82,NA,NA,1.6227263157894736,3.488197000193245,0.2066229578467101,game_mixed
Lupo_Schmitt_cchunts,Lupo_Schmitt_cchunts,Lupo_Schmitt276,1,18,interval,NA,18,20,game,kg,3.82,NA,NA,1.6227263157894736,3.488197000193245,0.2066229578467101,game_mixed
Lupo_Schmitt_cchunts,Lupo_Schmitt_cchunts,Lupo_Schmitt276,1,18,interval,NA,18,20,game,kg,3.82,NA,NA,1.6227263157894736,3.488197000193245,0.2066229578467101,game_mixed
Lupo_Schmitt_cchunts,Lupo_Schmitt_cchunts,Lupo_Schmitt335,1,18,interval,NA,18,20,game,kg,3.82,NA,NA,1.6227263157894736,3.488197000193245,0.2066229578467101,game_mixed
Lupo_Schmitt_cchunts,Lupo_Schmitt_cchunts,Lupo_Schmitt329,1,18,interval,NA,18,20,game,kg,19.43,NA,NA,1.6227263157894736,3.488197000193245,0.2066229578467101,game_mixed
Lupo_Schmitt_cchunts,Lupo_Schmitt_cchunts,Lupo_Schmitt329,1,18,interval,NA,18,20,game,kg,2.67,NA,NA,1.6227263157894736,3.488197000193245,0.2066229578467101,game_mixed
Lupo_Schmitt_cchunts,Lupo_Schmitt_cchunts,Lupo_Schmitt329,1,18,interval,NA,18,20,game,kg,3.82,NA,NA,1.6227263157894736,3.488197000193245,0.2066229578467101,game_mixed
Lupo_Schmitt_cchunts,Lupo_Schmitt_cchunts,Lupo_Schmitt340,1,16,interval,NA,16,18,game,kg,3.82,NA,NA,1.6227263157894736,3.488197000193245,0.2066229578467101,game_mixed
Lupo_Schmitt_cchunts,Lupo_Schmitt_cchunts,Lupo_Schmitt340,1,16,interval,NA,16,18,game,kg,1,NA,NA,1.6227263157894736,3.488197000193245,0.2066229578467101,game_mixed
Lupo_Schmitt_cchunts,Lupo_Schmitt_cchunts,Lupo_Schmitt322,1,10,interval,NA,10,12,game,kg,0.7,NA,NA,1.6227263157894736,3.488197000193245,0.2066229578467101,game_mixed
Lupo_Schmitt_cchunts,Lupo_Schmitt_cchunts,Lupo_Schmitt340,1,16,interval,NA,16,18,game,kg,1,NA,NA,1.6227263157894736,3.488197000193245,0.2066229578467101,game_mixed
Lupo_Schmitt_cchunts,Lupo_Schmitt_cchunts,Lupo_Schmitt334,1,12,interval,NA,12,14,game,kg,19.43,NA,NA,1.6227263157894736,3.488197000193245,0.2066229578467101,game_mixed
Lupo_Schmitt_cchunts,Lupo_Schmitt_cchunts,Lupo_Schmitt320,1,12,interval,NA,12,14,game,kg,0.7,NA,NA,1.6227263157894736,3.488197000193245,0.2066229578467101,game_mixed
Lupo_Schmitt_cchunts,Lupo_Schmitt_cchunts,Lupo_Schmitt329,1,18,interval,NA,18,20,game,kg,3.82,NA,NA,1.6227263157894736,3.488197000193245,0.2066229578467101,game_mixed
Lupo_Schmitt_cchunts,Lupo_Schmitt_cchunts,Lupo_Schmitt329,1,18,interval,NA,18,20,game,kg,2.67,NA,NA,1.6227263157894736,3.488197000193245,0.2066229578467101,game_mixed
Lupo_Schmitt_cchunts,Lupo_Schmitt_cchunts,Lupo_Schmitt334,1,12,interval,NA,12,14,game,kg,3.82,NA,NA,1.6227263157894736,3.488197000193245,0.2066229578467101,game_mixed
Lupo_Schmitt_cchunts,Lupo_Schmitt_cchunts,Lupo_Schmitt290,1,16,interval,NA,16,18,game,kg,3.82,NA,NA,1.6227263157894736,3.488197000193245,0.2066229578467101,game_mixed
Lupo_Schmitt_cchunts,Lupo_Schmitt_cchunts,Lupo_Schmitt329,1,18,interval,NA,18,20,game,kg,2.67,NA,NA,1.6227263157894736,3.488197000193245,0.2066229578467101,game_mixed
Lupo_Schmitt_cchunts,Lupo_Schmitt_cchunts,Lupo_Schmitt329,1,18,interval,NA,18,20,game,kg,9,NA,NA,1.6227263157894736,3.488197000193245,0.2066229578467101,game_mixed
Lupo_Schmitt_cchunts,Lupo_Schmitt_cchunts,Lupo_Schmitt334,1,12,interval,NA,12,14,game,kg,2.67,NA,NA,1.6227263157894736,3.488197000193245,0.2066229578467101,game_mixed
Lupo_Schmitt_cchunts,Lupo_Schmitt_cchunts,Lupo_Schmitt290,1,16,interval,NA,16,18,game,kg,0,NA,NA,1.6227263157894736,3.488197000193245,0.2066229578467101,game_mixed
Lupo_Schmitt_cchunts,Lupo_Schmitt_cchunts,Lupo_Schmitt329,1,18,interval,NA,18,20,game,kg,1,NA,NA,1.6227263157894736,3.488197000193245,0.2066229578467101,game_mixed
Lupo_Schmitt_cchunts,Lupo_Schmitt_cchunts,Lupo_Schmitt334,1,12,interval,NA,12,14,game,kg,3.82,NA,NA,1.6227263157894736,3.488197000193245,0.2066229578467101,game_mixed
Lupo_Schmitt_cchunts,Lupo_Schmitt_cchunts,Lupo_Schmitt290,1,16,interval,NA,16,18,game,kg,2.67,NA,NA,1.6227263157894736,3.488197000193245,0.2066229578467101,game_mixed
Lupo_Schmitt_cchunts,Lupo_Schmitt_cchunts,Lupo_Schmitt290,1,16,interval,NA,16,18,game,kg,3.82,NA,NA,1.6227263157894736,3.488197000193245,0.2066229578467101,game_mixed
Lupo_Schmitt_cchunts,Lupo_Schmitt_cchunts,Lupo_Schmitt320,1,12,interval,NA,12,14,game,kg,0,NA,NA,1.6227263157894736,3.488197000193245,0.2066229578467101,game_mixed
Lupo_Schmitt_cchunts,Lupo_Schmitt_cchunts,Lupo_Schmitt334,1,12,interval,NA,12,14,game,kg,3.82,NA,NA,1.6227263157894736,3.488197000193245,0.2066229578467101,game_mixed
Lupo_Schmitt_cchunts,Lupo_Schmitt_cchunts,Lupo_Schmitt340,1,16,interval,NA,16,18,game,kg,0.7,NA,NA,1.6227263157894736,3.488197000193245,0.2066229578467101,game_mixed
Lupo_Schmitt_cchunts,Lupo_Schmitt_cchunts,Lupo_Schmitt335,1,18,interval,NA,18,20,game,kg,0.7,NA,NA,1.6227263157894736,3.488197000193245,0.2066229578467101,game_mixed
Lupo_Schmitt_cchunts,Lupo_Schmitt_cchunts,Lupo_Schmitt276,1,18,interval,NA,18,20,game,kg,3.82,NA,NA,1.6227263157894736,3.488197000193245,0.2066229578467101,game_mixed
Lupo_Schmitt_cchunts,Lupo_Schmitt_cchunts,Lupo_Schmitt276,1,18,interval,NA,18,20,game,kg,0.7,NA,NA,1.6227263157894736,3.488197000193245,0.2066229578467101,game_mixed
Lupo_Schmitt_cchunts,Lupo_Schmitt_cchunts,Lupo_Schmitt290,1,16,interval,NA,16,18,game,kg,3.82,NA,NA,1.6227263157894736,3.488197000193245,0.2066229578467101,game_mixed
Lupo_Schmitt_cchunts,Lupo_Schmitt_cchunts,Lupo_Schmitt335,1,18,interval,NA,18,20,game,kg,0.7,NA,NA,1.6227263157894736,3.488197000193245,0.2066229578467101,game_mixed
Lupo_Schmitt_cchunts,Lupo_Schmitt_cchunts,Lupo_Schmitt282,1,18,interval,NA,18,20,game,kg,0,NA,NA,1.6227263157894736,3.488197000193245,0.2066229578467101,game_mixed
Lupo_Schmitt_cchunts,Lupo_Schmitt_cchunts,Lupo_Schmitt334,1,12,interval,NA,12,14,game,kg,0,NA,NA,1.6227263157894736,3.488197000193245,0.2066229578467101,game_mixed
Lupo_Schmitt_cchunts,Lupo_Schmitt_cchunts,Lupo_Schmitt366,1,18,interval,NA,18,20,game,kg,0.7,NA,NA,1.6227263157894736,3.488197000193245,0.2066229578467101,game_mixed
Lupo_Schmitt_cchunts,Lupo_Schmitt_cchunts,Lupo_Schmitt334,1,12,interval,NA,12,14,game,kg,3.82,NA,NA,1.6227263157894736,3.488197000193245,0.2066229578467101,game_mixed
Lupo_Schmitt_cchunts,Lupo_Schmitt_cchunts,Lupo_Schmitt333,1,14,interval,NA,14,16,game,kg,0.05,NA,NA,1.6227263157894736,3.488197000193245,0.2066229578467101,game_mixed
Lupo_Schmitt_cchunts,Lupo_Schmitt_cchunts,Lupo_Schmitt334,1,12,interval,NA,12,14,game,kg,3.82,NA,NA,1.6227263157894736,3.488197000193245,0.2066229578467101,game_mixed
Lupo_Schmitt_cchunts,Lupo_Schmitt_cchunts,Lupo_Schmitt290,1,16,interval,NA,16,18,game,kg,0,NA,NA,1.6227263157894736,3.488197000193245,0.2066229578467101,game_mixed
Lupo_Schmitt_cchunts,Lupo_Schmitt_cchunts,Lupo_Schmitt320,1,10,interval,NA,10,12,game,kg,3.82,NA,NA,1.6227263157894736,3.488197000193245,0.2066229578467101,game_mixed
Lupo_Schmitt_cchunts,Lupo_Schmitt_cchunts,Lupo_Schmitt329,1,18,interval,NA,18,20,game,kg,3.82,NA,NA,1.6227263157894736,3.488197000193245,0.2066229578467101,game_mixed
Lupo_Schmitt_cchunts,Lupo_Schmitt_cchunts,Lupo_Schmitt335,1,18,interval,NA,18,20,game,kg,0,NA,NA,1.6227263157894736,3.488197000193245,0.2066229578467101,game_mixed
Lupo_Schmitt_cchunts,Lupo_Schmitt_cchunts,Lupo_Schmitt290,1,16,interval,NA,16,18,game,kg,0,NA,NA,1.6227263157894736,3.488197000193245,0.2066229578467101,game_mixed
Lupo_Schmitt_cchunts,Lupo_Schmitt_cchunts,Lupo_Schmitt322,1,10,interval,NA,10,12,game,kg,0,NA,NA,1.6227263157894736,3.488197000193245,0.2066229578467101,game_mixed
Lupo_Schmitt_cchunts,Lupo_Schmitt_cchunts,Lupo_Schmitt334,1,12,interval,NA,12,14,game,kg,0,NA,NA,1.6227263157894736,3.488197000193245,0.2066229578467101,game_mixed
Lupo_Schmitt_cchunts,Lupo_Schmitt_cchunts,Lupo_Schmitt335,1,18,interval,NA,18,20,game,kg,0,NA,NA,1.6227263157894736,3.488197000193245,0.2066229578467101,game_mixed
Lupo_Schmitt_cchunts,Lupo_Schmitt_cchunts,Lupo_Schmitt290,1,16,interval,NA,16,18,game,kg,0,NA,NA,1.6227263157894736,3.488197000193245,0.2066229578467101,game_mixed
Lupo_Schmitt_cchunts,Lupo_Schmitt_cchunts,Lupo_Schmitt320,1,10,interval,NA,10,12,game,kg,0,NA,NA,1.6227263157894736,3.488197000193245,0.2066229578467101,game_mixed
Lupo_Schmitt_cchunts,Lupo_Schmitt_cchunts,Lupo_Schmitt322,1,10,interval,NA,10,12,game,kg,0,NA,NA,1.6227263157894736,3.488197000193245,0.2066229578467101,game_mixed
Lupo_Schmitt_cchunts,Lupo_Schmitt_cchunts,Lupo_Schmitt329,1,18,interval,NA,18,20,game,kg,0,NA,NA,1.6227263157894736,3.488197000193245,0.2066229578467101,game_mixed
Lupo_Schmitt_cchunts,Lupo_Schmitt_cchunts,Lupo_Schmitt335,1,18,interval,NA,18,20,game,kg,0,NA,NA,1.6227263157894736,3.488197000193245,0.2066229578467101,game_mixed
Lupo_Schmitt_cchunts,Lupo_Schmitt_cchunts,Lupo_Schmitt290,1,16,interval,NA,16,18,game,kg,0,NA,NA,1.6227263157894736,3.488197000193245,0.2066229578467101,game_mixed
Lupo_Schmitt_cchunts,Lupo_Schmitt_cchunts,Lupo_Schmitt320,1,10,interval,NA,10,12,game,kg,0,NA,NA,1.6227263157894736,3.488197000193245,0.2066229578467101,game_mixed
Lupo_Schmitt_cchunts,Lupo_Schmitt_cchunts,Lupo_Schmitt322,1,10,interval,NA,10,12,game,kg,0,NA,NA,1.6227263157894736,3.488197000193245,0.2066229578467101,game_mixed
Lupo_Schmitt_cchunts,Lupo_Schmitt_cchunts,Lupo_Schmitt335,1,18,interval,NA,18,20,game,kg,0,NA,NA,1.6227263157894736,3.488197000193245,0.2066229578467101,game_mixed
Lupo_Schmitt_cchunts,Lupo_Schmitt_cchunts,Lupo_Schmitt290,1,16,interval,NA,16,18,game,kg,0,NA,NA,1.6227263157894736,3.488197000193245,0.2066229578467101,game_mixed
Lupo_Schmitt_cchunts,Lupo_Schmitt_cchunts,Lupo_Schmitt320,1,10,interval,NA,10,12,game,kg,0,NA,NA,1.6227263157894736,3.488197000193245,0.2066229578467101,game_mixed
Lupo_Schmitt_cchunts,Lupo_Schmitt_cchunts,Lupo_Schmitt322,1,10,interval,NA,10,12,game,kg,0,NA,NA,1.6227263157894736,3.488197000193245,0.2066229578467101,game_mixed
Lupo_Schmitt_cchunts,Lupo_Schmitt_cchunts,Lupo_Schmitt334,1,12,interval,NA,12,14,game,kg,0,NA,NA,1.6227263157894736,3.488197000193245,0.2066229578467101,game_mixed
Lupo_Schmitt_cchunts,Lupo_Schmitt_cchunts,Lupo_Schmitt335,1,18,interval,NA,18,20,game,kg,0,NA,NA,1.6227263157894736,3.488197000193245,0.2066229578467101,game_mixed
Lupo_Schmitt_cchunts,Lupo_Schmitt_cchunts,Lupo_Schmitt290,1,16,interval,NA,16,18,game,kg,0,NA,NA,1.6227263157894736,3.488197000193245,0.2066229578467101,game_mixed
Lupo_Schmitt_cchunts,Lupo_Schmitt_cchunts,Lupo_Schmitt320,1,10,interval,NA,10,12,game,kg,0,NA,NA,1.6227263157894736,3.488197000193245,0.2066229578467101,game_mixed
Lupo_Schmitt_cchunts,Lupo_Schmitt_cchunts,Lupo_Schmitt335,1,18,interval,NA,18,20,game,kg,0,NA,NA,1.6227263157894736,3.488197000193245,0.2066229578467101,game_mixed
Lupo_Schmitt_cchunts,Lupo_Schmitt_cchunts,Lupo_Schmitt290,1,16,interval,NA,16,18,game,kg,0,NA,NA,1.6227263157894736,3.488197000193245,0.2066229578467101,game_mixed
Lupo_Schmitt_cchunts,Lupo_Schmitt_cchunts,Lupo_Schmitt320,1,10,interval,NA,10,12,game,kg,0,NA,NA,1.6227263157894736,3.488197000193245,0.2066229578467101,game_mixed
Lupo_Schmitt_cchunts,Lupo_Schmitt_cchunts,Lupo_Schmitt322,1,10,interval,NA,10,12,game,kg,0,NA,NA,1.6227263157894736,3.488197000193245,0.2066229578467101,game_mixed
Lupo_Schmitt_cchunts,Lupo_Schmitt_cchunts,Lupo_Schmitt329,1,18,interval,NA,18,20,game,kg,0,NA,NA,1.6227263157894736,3.488197000193245,0.2066229578467101,game_mixed
Lupo_Schmitt_cchunts,Lupo_Schmitt_cchunts,Lupo_Schmitt334,1,12,interval,NA,12,14,game,kg,0,NA,NA,1.6227263157894736,3.488197000193245,0.2066229578467101,game_mixed
Lupo_Schmitt_cchunts,Lupo_Schmitt_cchunts,Lupo_Schmitt335,1,18,interval,NA,18,20,game,kg,0,NA,NA,1.6227263157894736,3.488197000193245,0.2066229578467101,game_mixed
Lupo_Schmitt_cchunts,Lupo_Schmitt_cchunts,Lupo_Schmitt325,1,18,interval,NA,18,20,game,kg,0,NA,NA,1.6227263157894736,3.488197000193245,0.2066229578467101,game_mixed
Sillitoe_cchunts,Sillitoe_cchunts,Sillitoe819,1,16,interval,NA,16,18,game,kg,0,NA,NA,0.12516532258064517,0.42630684156494336,0.027070511509898948,game_mixed
Sillitoe_cchunts,Sillitoe_cchunts,Sillitoe820,1,16,interval,NA,16,18,game,kg,0,NA,NA,0.12516532258064517,0.42630684156494336,0.027070511509898948,game_mixed
Sillitoe_cchunts,Sillitoe_cchunts,Sillitoe819,1,16,interval,NA,16,18,game,kg,0.025,NA,NA,0.12516532258064517,0.42630684156494336,0.027070511509898948,game_mixed
Sillitoe_cchunts,Sillitoe_cchunts,Sillitoe819,1,16,interval,NA,16,18,game,kg,0,NA,NA,0.12516532258064517,0.42630684156494336,0.027070511509898948,game_mixed
Sillitoe_cchunts,Sillitoe_cchunts,Sillitoe819,1,16,interval,NA,16,18,game,kg,0.018,NA,NA,0.12516532258064517,0.42630684156494336,0.027070511509898948,game_mixed
Sillitoe_cchunts,Sillitoe_cchunts,Sillitoe819,1,16,interval,NA,16,18,game,kg,0.152,NA,NA,0.12516532258064517,0.42630684156494336,0.027070511509898948,game_mixed
Sillitoe_cchunts,Sillitoe_cchunts,Sillitoe819,1,16,interval,NA,16,18,game,kg,0,NA,NA,0.12516532258064517,0.42630684156494336,0.027070511509898948,game_mixed
Sillitoe_cchunts,Sillitoe_cchunts,Sillitoe819,1,16,interval,NA,16,18,game,kg,0,NA,NA,0.12516532258064517,0.42630684156494336,0.027070511509898948,game_mixed
Sillitoe_cchunts,Sillitoe_cchunts,Sillitoe819,1,16,interval,NA,16,18,game,kg,0.067,NA,NA,0.12516532258064517,0.42630684156494336,0.027070511509898948,game_mixed
Sillitoe_cchunts,Sillitoe_cchunts,Sillitoe819,1,16,interval,NA,16,18,game,kg,0,NA,NA,0.12516532258064517,0.42630684156494336,0.027070511509898948,game_mixed
Sillitoe_cchunts,Sillitoe_cchunts,Sillitoe819,1,16,interval,NA,16,18,game,kg,0,NA,NA,0.12516532258064517,0.42630684156494336,0.027070511509898948,game_mixed
Sillitoe_cchunts,Sillitoe_cchunts,Sillitoe819,1,16,interval,NA,16,18,game,kg,0.078,NA,NA,0.12516532258064517,0.42630684156494336,0.027070511509898948,game_mixed
Sillitoe_cchunts,Sillitoe_cchunts,Sillitoe819,1,16,interval,NA,16,18,game,kg,0,NA,NA,0.12516532258064517,0.42630684156494336,0.027070511509898948,game_mixed
Sillitoe_cchunts,Sillitoe_cchunts,Sillitoe819,1,16,interval,NA,16,18,game,kg,0,NA,NA,0.12516532258064517,0.42630684156494336,0.027070511509898948,game_mixed
Sillitoe_cchunts,Sillitoe_cchunts,Sillitoe819,1,16,interval,NA,16,18,game,kg,0.105,NA,NA,0.12516532258064517,0.42630684156494336,0.027070511509898948,game_mixed
Sillitoe_cchunts,Sillitoe_cchunts,Sillitoe819,1,16,interval,NA,16,18,game,kg,0,NA,NA,0.12516532258064517,0.42630684156494336,0.027070511509898948,game_mixed
Sillitoe_cchunts,Sillitoe_cchunts,Sillitoe819,1,16,interval,NA,16,18,game,kg,0.018,NA,NA,0.12516532258064517,0.42630684156494336,0.027070511509898948,game_mixed
Sillitoe_cchunts,Sillitoe_cchunts,Sillitoe821,1,16,interval,NA,16,18,game,kg,0.018,NA,NA,0.12516532258064517,0.42630684156494336,0.027070511509898948,game_mixed
Sillitoe_cchunts,Sillitoe_cchunts,Sillitoe819,1,16,interval,NA,16,18,game,kg,0,NA,NA,0.12516532258064517,0.42630684156494336,0.027070511509898948,game_mixed
Sillitoe_cchunts,Sillitoe_cchunts,Sillitoe820,1,16,interval,NA,16,18,game,kg,0,NA,NA,0.12516532258064517,0.42630684156494336,0.027070511509898948,game_mixed
Sillitoe_cchunts,Sillitoe_cchunts,Sillitoe819,1,16,interval,NA,16,18,game,kg,0.014,NA,NA,0.12516532258064517,0.42630684156494336,0.027070511509898948,game_mixed
Sillitoe_cchunts,Sillitoe_cchunts,Sillitoe819,1,16,interval,NA,16,18,game,kg,0.011,NA,NA,0.12516532258064517,0.42630684156494336,0.027070511509898948,game_mixed
Sillitoe_cchunts,Sillitoe_cchunts,Sillitoe819,1,16,interval,NA,16,18,game,kg,0.012,NA,NA,0.12516532258064517,0.42630684156494336,0.027070511509898948,game_mixed
Sillitoe_cchunts,Sillitoe_cchunts,Sillitoe819,1,16,interval,NA,16,18,game,kg,0,NA,NA,0.12516532258064517,0.42630684156494336,0.027070511509898948,game_mixed
Sillitoe_cchunts,Sillitoe_cchunts,Sillitoe819,1,16,interval,NA,16,18,game,kg,0,NA,NA,0.12516532258064517,0.42630684156494336,0.027070511509898948,game_mixed
Sillitoe_cchunts,Sillitoe_cchunts,Sillitoe820,1,16,interval,NA,16,18,game,kg,0,NA,NA,0.12516532258064517,0.42630684156494336,0.027070511509898948,game_mixed
Sillitoe_cchunts,Sillitoe_cchunts,Sillitoe819,1,16,interval,NA,16,18,game,kg,0.042,NA,NA,0.12516532258064517,0.42630684156494336,0.027070511509898948,game_mixed
Sillitoe_cchunts,Sillitoe_cchunts,Sillitoe819,1,16,interval,NA,16,18,game,kg,0.032,NA,NA,0.12516532258064517,0.42630684156494336,0.027070511509898948,game_mixed
Sillitoe_cchunts,Sillitoe_cchunts,Sillitoe819,1,16,interval,NA,16,18,game,kg,0.06,NA,NA,0.12516532258064517,0.42630684156494336,0.027070511509898948,game_mixed
Sillitoe_cchunts,Sillitoe_cchunts,Sillitoe819,1,16,interval,NA,16,18,game,kg,0,NA,NA,0.12516532258064517,0.42630684156494336,0.027070511509898948,game_mixed
Sillitoe_cchunts,Sillitoe_cchunts,Sillitoe819,1,16,interval,NA,16,18,game,kg,0.1,NA,NA,0.12516532258064517,0.42630684156494336,0.027070511509898948,game_mixed
Sillitoe_cchunts,Sillitoe_cchunts,Sillitoe819,1,16,interval,NA,16,18,game,kg,0.028,NA,NA,0.12516532258064517,0.42630684156494336,0.027070511509898948,game_mixed
Sillitoe_cchunts,Sillitoe_cchunts,Sillitoe819,1,16,interval,NA,16,18,game,kg,0.085,NA,NA,0.12516532258064517,0.42630684156494336,0.027070511509898948,game_mixed
Sillitoe_cchunts,Sillitoe_cchunts,Sillitoe819,1,16,interval,NA,16,18,game,kg,0,NA,NA,0.12516532258064517,0.42630684156494336,0.027070511509898948,game_mixed
Sillitoe_cchunts,Sillitoe_cchunts,Sillitoe819,1,16,interval,NA,16,18,game,kg,0,NA,NA,0.12516532258064517,0.42630684156494336,0.027070511509898948,game_mixed
Sillitoe_cchunts,Sillitoe_cchunts,Sillitoe819,1,16,interval,NA,16,18,game,kg,0,NA,NA,0.12516532258064517,0.42630684156494336,0.027070511509898948,game_mixed
Sillitoe_cchunts,Sillitoe_cchunts,Sillitoe819,1,16,interval,NA,16,18,game,kg,0,NA,NA,0.12516532258064517,0.42630684156494336,0.027070511509898948,game_mixed
Sillitoe_cchunts,Sillitoe_cchunts,Sillitoe819,1,16,interval,NA,16,18,game,kg,0,NA,NA,0.12516532258064517,0.42630684156494336,0.027070511509898948,game_mixed
Sillitoe_cchunts,Sillitoe_cchunts,Sillitoe819,1,16,interval,NA,16,18,game,kg,0.085,NA,NA,0.12516532258064517,0.42630684156494336,0.027070511509898948,game_mixed
Sillitoe_cchunts,Sillitoe_cchunts,Sillitoe819,1,16,interval,NA,16,18,game,kg,0,NA,NA,0.12516532258064517,0.42630684156494336,0.027070511509898948,game_mixed
Sillitoe_cchunts,Sillitoe_cchunts,Sillitoe819,1,16,interval,NA,16,18,game,kg,0.011,NA,NA,0.12516532258064517,0.42630684156494336,0.027070511509898948,game_mixed
Sillitoe_cchunts,Sillitoe_cchunts,Sillitoe819,1,16,interval,NA,16,18,game,kg,0,NA,NA,0.12516532258064517,0.42630684156494336,0.027070511509898948,game_mixed
Sillitoe_cchunts,Sillitoe_cchunts,Sillitoe819,1,16,interval,NA,16,18,game,kg,0.032,NA,NA,0.12516532258064517,0.42630684156494336,0.027070511509898948,game_mixed
Sillitoe_cchunts,Sillitoe_cchunts,Sillitoe820,1,16,interval,NA,16,18,game,kg,0.032,NA,NA,0.12516532258064517,0.42630684156494336,0.027070511509898948,game_mixed
Sillitoe_cchunts,Sillitoe_cchunts,Sillitoe819,1,16,interval,NA,16,18,game,kg,0,NA,NA,0.12516532258064517,0.42630684156494336,0.027070511509898948,game_mixed
Sillitoe_cchunts,Sillitoe_cchunts,Sillitoe819,1,16,interval,NA,16,18,game,kg,0,NA,NA,0.12516532258064517,0.42630684156494336,0.027070511509898948,game_mixed
Sillitoe_cchunts,Sillitoe_cchunts,Sillitoe819,1,16,interval,NA,16,18,game,kg,0.016,NA,NA,0.12516532258064517,0.42630684156494336,0.027070511509898948,game_mixed
Sillitoe_cchunts,Sillitoe_cchunts,Sillitoe819,1,16,interval,NA,16,18,game,kg,0,NA,NA,0.12516532258064517,0.42630684156494336,0.027070511509898948,game_mixed
Sillitoe_cchunts,Sillitoe_cchunts,Sillitoe819,1,16,interval,NA,16,18,game,kg,0.029,NA,NA,0.12516532258064517,0.42630684156494336,0.027070511509898948,game_mixed
Sillitoe_cchunts,Sillitoe_cchunts,Sillitoe819,1,16,interval,NA,16,18,game,kg,0,NA,NA,0.12516532258064517,0.42630684156494336,0.027070511509898948,game_mixed
Sillitoe_cchunts,Sillitoe_cchunts,Sillitoe819,1,16,interval,NA,16,18,game,kg,0.014,NA,NA,0.12516532258064517,0.42630684156494336,0.027070511509898948,game_mixed
Sillitoe_cchunts,Sillitoe_cchunts,Sillitoe819,1,16,interval,NA,16,18,game,kg,0,NA,NA,0.12516532258064517,0.42630684156494336,0.027070511509898948,game_mixed
Sillitoe_cchunts,Sillitoe_cchunts,Sillitoe819,1,16,interval,NA,16,18,game,kg,0.085,NA,NA,0.12516532258064517,0.42630684156494336,0.027070511509898948,game_mixed
Sillitoe_cchunts,Sillitoe_cchunts,Sillitoe819,1,16,interval,NA,16,18,game,kg,0.035,NA,NA,0.12516532258064517,0.42630684156494336,0.027070511509898948,game_mixed
Sillitoe_cchunts,Sillitoe_cchunts,Sillitoe820,1,16,interval,NA,16,18,game,kg,0.035,NA,NA,0.12516532258064517,0.42630684156494336,0.027070511509898948,game_mixed
Sillitoe_cchunts,Sillitoe_cchunts,Sillitoe822,1,10,interval,NA,10,15,game,kg,0.035,NA,NA,0.12516532258064517,0.42630684156494336,0.027070511509898948,game_mixed
Sillitoe_cchunts,Sillitoe_cchunts,Sillitoe823,1,10,interval,NA,10,15,game,kg,0.035,NA,NA,0.12516532258064517,0.42630684156494336,0.027070511509898948,game_mixed
Sillitoe_cchunts,Sillitoe_cchunts,Sillitoe819,1,16,interval,NA,16,18,game,kg,0.029,NA,NA,0.12516532258064517,0.42630684156494336,0.027070511509898948,game_mixed
Sillitoe_cchunts,Sillitoe_cchunts,Sillitoe819,1,16,interval,NA,16,18,game,kg,0,NA,NA,0.12516532258064517,0.42630684156494336,0.027070511509898948,game_mixed
Sillitoe_cchunts,Sillitoe_cchunts,Sillitoe820,1,16,interval,NA,16,18,game,kg,0,NA,NA,0.12516532258064517,0.42630684156494336,0.027070511509898948,game_mixed
Sillitoe_cchunts,Sillitoe_cchunts,Sillitoe820,1,16,interval,NA,16,18,game,kg,0.016,NA,NA,0.12516532258064517,0.42630684156494336,0.027070511509898948,game_mixed
Sillitoe_cchunts,Sillitoe_cchunts,Sillitoe819,1,16,interval,NA,16,18,game,kg,0.016,NA,NA,0.12516532258064517,0.42630684156494336,0.027070511509898948,game_mixed
Sillitoe_cchunts,Sillitoe_cchunts,Sillitoe820,1,16,interval,NA,16,18,game,kg,0,NA,NA,0.12516532258064517,0.42630684156494336,0.027070511509898948,game_mixed
Sillitoe_cchunts,Sillitoe_cchunts,Sillitoe820,1,16,interval,NA,16,18,game,kg,0,NA,NA,0.12516532258064517,0.42630684156494336,0.027070511509898948,game_mixed
Sillitoe_cchunts,Sillitoe_cchunts,Sillitoe820,1,16,interval,NA,16,18,game,kg,0.069,NA,NA,0.12516532258064517,0.42630684156494336,0.027070511509898948,game_mixed
Sillitoe_cchunts,Sillitoe_cchunts,Sillitoe820,1,16,interval,NA,16,18,game,kg,0,NA,NA,0.12516532258064517,0.42630684156494336,0.027070511509898948,game_mixed
Sillitoe_cchunts,Sillitoe_cchunts,Sillitoe822,1,10,interval,NA,10,15,game,kg,0,NA,NA,0.12516532258064517,0.42630684156494336,0.027070511509898948,game_mixed
Sillitoe_cchunts,Sillitoe_cchunts,Sillitoe820,1,16,interval,NA,16,18,game,kg,0,NA,NA,0.12516532258064517,0.42630684156494336,0.027070511509898948,game_mixed
Sillitoe_cchunts,Sillitoe_cchunts,Sillitoe820,1,16,interval,NA,16,18,game,kg,0.037,NA,NA,0.12516532258064517,0.42630684156494336,0.027070511509898948,game_mixed
Sillitoe_cchunts,Sillitoe_cchunts,Sillitoe820,1,16,interval,NA,16,18,game,kg,0.259,NA,NA,0.12516532258064517,0.42630684156494336,0.027070511509898948,game_mixed
Sillitoe_cchunts,Sillitoe_cchunts,Sillitoe820,1,16,interval,NA,16,18,game,kg,0,NA,NA,0.12516532258064517,0.42630684156494336,0.027070511509898948,game_mixed
Sillitoe_cchunts,Sillitoe_cchunts,Sillitoe820,1,16,interval,NA,16,18,game,kg,0.166,NA,NA,0.12516532258064517,0.42630684156494336,0.027070511509898948,game_mixed
Sillitoe_cchunts,Sillitoe_cchunts,Sillitoe820,1,16,interval,NA,16,18,game,kg,0,NA,NA,0.12516532258064517,0.42630684156494336,0.027070511509898948,game_mixed
Sillitoe_cchunts,Sillitoe_cchunts,Sillitoe820,1,16,interval,NA,16,18,game,kg,0.007,NA,NA,0.12516532258064517,0.42630684156494336,0.027070511509898948,game_mixed
Sillitoe_cchunts,Sillitoe_cchunts,Sillitoe825,1,10,interval,NA,10,15,game,kg,0.007,NA,NA,0.12516532258064517,0.42630684156494336,0.027070511509898948,game_mixed
Sillitoe_cchunts,Sillitoe_cchunts,Sillitoe844,0,10,interval,NA,10,15,game,kg,0.007,NA,NA,0.007,NA,NA,game_mixed
Sillitoe_cchunts,Sillitoe_cchunts,Sillitoe820,1,16,interval,NA,16,18,game,kg,0,NA,NA,0.12516532258064517,0.42630684156494336,0.027070511509898948,game_mixed
Sillitoe_cchunts,Sillitoe_cchunts,Sillitoe820,1,16,interval,NA,16,18,game,kg,0,NA,NA,0.12516532258064517,0.42630684156494336,0.027070511509898948,game_mixed
Sillitoe_cchunts,Sillitoe_cchunts,Sillitoe820,1,16,interval,NA,16,18,game,kg,0.198,NA,NA,0.12516532258064517,0.42630684156494336,0.027070511509898948,game_mixed
Sillitoe_cchunts,Sillitoe_cchunts,Sillitoe820,1,16,interval,NA,16,18,game,kg,0.007,NA,NA,0.12516532258064517,0.42630684156494336,0.027070511509898948,game_mixed
Sillitoe_cchunts,Sillitoe_cchunts,Sillitoe819,1,16,interval,NA,16,18,game,kg,0.007,NA,NA,0.12516532258064517,0.42630684156494336,0.027070511509898948,game_mixed
Sillitoe_cchunts,Sillitoe_cchunts,Sillitoe820,1,16,interval,NA,16,18,game,kg,0,NA,NA,0.12516532258064517,0.42630684156494336,0.027070511509898948,game_mixed
Sillitoe_cchunts,Sillitoe_cchunts,Sillitoe819,1,16,interval,NA,16,18,game,kg,0,NA,NA,0.12516532258064517,0.42630684156494336,0.027070511509898948,game_mixed
Sillitoe_cchunts,Sillitoe_cchunts,Sillitoe820,1,16,interval,NA,16,18,game,kg,0.203,NA,NA,0.12516532258064517,0.42630684156494336,0.027070511509898948,game_mixed
Sillitoe_cchunts,Sillitoe_cchunts,Sillitoe820,1,16,interval,NA,16,18,game,kg,0,NA,NA,0.12516532258064517,0.42630684156494336,0.027070511509898948,game_mixed
Sillitoe_cchunts,Sillitoe_cchunts,Sillitoe820,1,16,interval,NA,16,18,game,kg,0,NA,NA,0.12516532258064517,0.42630684156494336,0.027070511509898948,game_mixed
Sillitoe_cchunts,Sillitoe_cchunts,Sillitoe823,1,10,interval,NA,10,15,game,kg,0,NA,NA,0.12516532258064517,0.42630684156494336,0.027070511509898948,game_mixed
Sillitoe_cchunts,Sillitoe_cchunts,Sillitoe820,1,16,interval,NA,16,18,game,kg,0,NA,NA,0.12516532258064517,0.42630684156494336,0.027070511509898948,game_mixed
Sillitoe_cchunts,Sillitoe_cchunts,Sillitoe820,1,16,interval,NA,16,18,game,kg,0,NA,NA,0.12516532258064517,0.42630684156494336,0.027070511509898948,game_mixed
Sillitoe_cchunts,Sillitoe_cchunts,Sillitoe820,1,16,interval,NA,16,18,game,kg,0,NA,NA,0.12516532258064517,0.42630684156494336,0.027070511509898948,game_mixed
Sillitoe_cchunts,Sillitoe_cchunts,Sillitoe820,1,16,interval,NA,16,18,game,kg,0,NA,NA,0.12516532258064517,0.42630684156494336,0.027070511509898948,game_mixed
Sillitoe_cchunts,Sillitoe_cchunts,Sillitoe820,1,16,interval,NA,16,18,game,kg,0,NA,NA,0.12516532258064517,0.42630684156494336,0.027070511509898948,game_mixed
Sillitoe_cchunts,Sillitoe_cchunts,Sillitoe820,1,16,interval,NA,16,18,game,kg,0.046,NA,NA,0.12516532258064517,0.42630684156494336,0.027070511509898948,game_mixed
Sillitoe_cchunts,Sillitoe_cchunts,Sillitoe820,1,16,interval,NA,16,18,game,kg,0.486,NA,NA,0.12516532258064517,0.42630684156494336,0.027070511509898948,game_mixed
Sillitoe_cchunts,Sillitoe_cchunts,Sillitoe820,1,16,interval,NA,16,18,game,kg,0,NA,NA,0.12516532258064517,0.42630684156494336,0.027070511509898948,game_mixed
Sillitoe_cchunts,Sillitoe_cchunts,Sillitoe819,1,16,interval,NA,16,18,game,kg,0,NA,NA,0.12516532258064517,0.42630684156494336,0.027070511509898948,game_mixed
Sillitoe_cchunts,Sillitoe_cchunts,Sillitoe820,1,16,interval,NA,16,18,game,kg,0,NA,NA,0.12516532258064517,0.42630684156494336,0.027070511509898948,game_mixed
Sillitoe_cchunts,Sillitoe_cchunts,Sillitoe820,1,16,interval,NA,16,18,game,kg,0.136,NA,NA,0.12516532258064517,0.42630684156494336,0.027070511509898948,game_mixed
Sillitoe_cchunts,Sillitoe_cchunts,Sillitoe820,1,16,interval,NA,16,18,game,kg,0,NA,NA,0.12516532258064517,0.42630684156494336,0.027070511509898948,game_mixed
Sillitoe_cchunts,Sillitoe_cchunts,Sillitoe820,1,16,interval,NA,16,18,game,kg,0,NA,NA,0.12516532258064517,0.42630684156494336,0.027070511509898948,game_mixed
Sillitoe_cchunts,Sillitoe_cchunts,Sillitoe820,1,16,interval,NA,16,18,game,kg,0,NA,NA,0.12516532258064517,0.42630684156494336,0.027070511509898948,game_mixed
Sillitoe_cchunts,Sillitoe_cchunts,Sillitoe819,1,16,interval,NA,16,18,game,kg,0,NA,NA,0.12516532258064517,0.42630684156494336,0.027070511509898948,game_mixed
Sillitoe_cchunts,Sillitoe_cchunts,Sillitoe827,1,10,interval,NA,10,15,game,kg,0,NA,NA,0.12516532258064517,0.42630684156494336,0.027070511509898948,game_mixed
Sillitoe_cchunts,Sillitoe_cchunts,Sillitoe822,1,10,interval,NA,10,15,game,kg,0,NA,NA,0.12516532258064517,0.42630684156494336,0.027070511509898948,game_mixed
Sillitoe_cchunts,Sillitoe_cchunts,Sillitoe823,1,10,interval,NA,10,15,game,kg,0,NA,NA,0.12516532258064517,0.42630684156494336,0.027070511509898948,game_mixed
Sillitoe_cchunts,Sillitoe_cchunts,Sillitoe820,1,16,interval,NA,16,18,game,kg,0,NA,NA,0.12516532258064517,0.42630684156494336,0.027070511509898948,game_mixed
Sillitoe_cchunts,Sillitoe_cchunts,Sillitoe820,1,16,interval,NA,16,18,game,kg,0,NA,NA,0.12516532258064517,0.42630684156494336,0.027070511509898948,game_mixed
Sillitoe_cchunts,Sillitoe_cchunts,Sillitoe820,1,16,interval,NA,16,18,game,kg,0.018,NA,NA,0.12516532258064517,0.42630684156494336,0.027070511509898948,game_mixed
Sillitoe_cchunts,Sillitoe_cchunts,Sillitoe820,1,16,interval,NA,16,18,game,kg,0.306,NA,NA,0.12516532258064517,0.42630684156494336,0.027070511509898948,game_mixed
Sillitoe_cchunts,Sillitoe_cchunts,Sillitoe820,1,16,interval,NA,16,18,game,kg,0.312,NA,NA,0.12516532258064517,0.42630684156494336,0.027070511509898948,game_mixed
Sillitoe_cchunts,Sillitoe_cchunts,Sillitoe820,1,16,interval,NA,16,18,game,kg,0,NA,NA,0.12516532258064517,0.42630684156494336,0.027070511509898948,game_mixed
Sillitoe_cchunts,Sillitoe_cchunts,Sillitoe820,1,16,interval,NA,16,18,game,kg,0,NA,NA,0.12516532258064517,0.42630684156494336,0.027070511509898948,game_mixed
Sillitoe_cchunts,Sillitoe_cchunts,Sillitoe820,1,16,interval,NA,16,18,game,kg,1.019,NA,NA,0.12516532258064517,0.42630684156494336,0.027070511509898948,game_mixed
Sillitoe_cchunts,Sillitoe_cchunts,Sillitoe819,1,16,interval,NA,16,18,game,kg,1.019,NA,NA,0.12516532258064517,0.42630684156494336,0.027070511509898948,game_mixed
Sillitoe_cchunts,Sillitoe_cchunts,Sillitoe820,1,16,interval,NA,16,18,game,kg,0.088,NA,NA,0.12516532258064517,0.42630684156494336,0.027070511509898948,game_mixed
Sillitoe_cchunts,Sillitoe_cchunts,Sillitoe820,1,16,interval,NA,16,18,game,kg,0,NA,NA,0.12516532258064517,0.42630684156494336,0.027070511509898948,game_mixed
Sillitoe_cchunts,Sillitoe_cchunts,Sillitoe831,1,10,interval,NA,10,15,game,kg,1.02,NA,NA,0.12516532258064517,0.42630684156494336,0.027070511509898948,game_mixed
Sillitoe_cchunts,Sillitoe_cchunts,Sillitoe831,1,10,interval,NA,10,15,game,kg,0,NA,NA,0.12516532258064517,0.42630684156494336,0.027070511509898948,game_mixed
Sillitoe_cchunts,Sillitoe_cchunts,Sillitoe842,1,12,interval,NA,12,14,game,kg,0.025,NA,NA,0.12516532258064517,0.42630684156494336,0.027070511509898948,game_mixed
Sillitoe_cchunts,Sillitoe_cchunts,Sillitoe842,1,12,interval,NA,12,14,game,kg,0.025,NA,NA,0.12516532258064517,0.42630684156494336,0.027070511509898948,game_mixed
Sillitoe_cchunts,Sillitoe_cchunts,Sillitoe819,1,16,interval,NA,16,18,game,kg,0,NA,NA,0.12516532258064517,0.42630684156494336,0.027070511509898948,game_mixed
Sillitoe_cchunts,Sillitoe_cchunts,Sillitoe819,1,16,interval,NA,16,18,game,kg,0,NA,NA,0.12516532258064517,0.42630684156494336,0.027070511509898948,game_mixed
Sillitoe_cchunts,Sillitoe_cchunts,Sillitoe842,1,12,interval,NA,12,14,game,kg,0,NA,NA,0.12516532258064517,0.42630684156494336,0.027070511509898948,game_mixed
Sillitoe_cchunts,Sillitoe_cchunts,Sillitoe842,1,12,interval,NA,12,14,game,kg,0,NA,NA,0.12516532258064517,0.42630684156494336,0.027070511509898948,game_mixed
Sillitoe_cchunts,Sillitoe_cchunts,Sillitoe842,1,12,interval,NA,12,14,game,kg,2.377,NA,NA,0.12516532258064517,0.42630684156494336,0.027070511509898948,game_mixed
Sillitoe_cchunts,Sillitoe_cchunts,Sillitoe842,1,12,interval,NA,12,14,game,kg,0,NA,NA,0.12516532258064517,0.42630684156494336,0.027070511509898948,game_mixed
Sillitoe_cchunts,Sillitoe_cchunts,Sillitoe827,1,10,interval,NA,10,15,game,kg,0,NA,NA,0.12516532258064517,0.42630684156494336,0.027070511509898948,game_mixed
Sillitoe_cchunts,Sillitoe_cchunts,Sillitoe842,1,12,interval,NA,12,14,game,kg,0.009,NA,NA,0.12516532258064517,0.42630684156494336,0.027070511509898948,game_mixed
Sillitoe_cchunts,Sillitoe_cchunts,Sillitoe842,1,12,interval,NA,12,14,game,kg,0,NA,NA,0.12516532258064517,0.42630684156494336,0.027070511509898948,game_mixed
